id,value
comments,749
entry,87
level,752
job,865
data,26930
scientist,1867
analyst,258
science,5521
find,985
questions,757
topic,252
readers,122
blog,480
com,1357
asking,103
time,2762
tell,209
totally,29
valid,64
problem,992
decided,88
summarize,55
answers,291
major,294
important,1067
skills,781
tools,1323
good,1184
news,353
bad,208
start,739
teach,93
universities,62
90,87
cases,458
useful,552
real,1128
life,412
projects,802
ve,651
written,230
times,447
coding,132
needed,304
bash,24
command,143
line,505
python,1721
sql,433
java,181
source,955
kdnuggets,2136
depends,83
company,837
use,2790
learned,268
easier,209
learn,1659
big,3896
question,581
comes,324
free,759
means,611
download,211
install,151
paying,35
practice,323
build,795
pet,18
project,816
wrote,87
step,599
article,518
recently,336
computer,653
link,192
101,52
non,426
sources,393
learning,8520
easily,290
cost,410
efficiently,90
don,931
worry,58
attend,168
conferences,130
workshops,94
1st,55
books,302
old,157
school,197
way,1225
focused,290
detailed,161
knowledge,704
online,682
analysis,1889
statistics,768
etc,568
highlighted,43
recommend,132
previous,357
2nd,83
webinars,28
video,350
courses,378
fairly,61
cheap,28
$10,31
cover,151
topics,353
business,3002
intelligence,1088
want,1126
spend,174
money,192
listed,55
materials,73
post,958
experience,756
tricky,29
right,875
wants,98
people,1459
little,294
bit,287
need,1830
classic,68
catch,41
22,241
answer,437
come,434
random,435
idea,429
makes,555
excited,85
simply,298
think,738
small,458
startup,172
sure,363
focusing,81
ignore,39
ideas,267
past,486
years,946
built,387
script,603
monitoring,120
estate,20
website,231
best,1383
deals,29
pulling,21
articles,198
form,288
abc,14
cnn,90
based,1540
words,626
connected,201
exact,56
different,1460
portals,20
self,432
chatbot,42
smart,300
haven,104
trained,300
creative,117
related,1434
hit,55
wall,36
happen,142
new,2661
language,951
google,897
stackoverflow,12
short,275
example,1475
effective,275
left,208
minutes,117
notice,95
timestamp,17
sent,40
sort,109
complicated,106
got,181
thing,297
copy,85
paste,21
code,1443
production,325
boom,25
worked,183
cross,270
validated,18
great,781
forum,60
thanks,109
addition,225
reddit,36
+1,35
suggestion,17
difficult,260
try,450
mentor,32
lucky,32
works,390
role,411
nice,109
hour,87
weekly,37
discuss,187
things,880
send,78
application,492
managed,69
suggest,85
focus,488
super,117
fancy,24
finding,199
environment,310
improve,441
taking,270
fit,288
usually,224
busy,26
won,245
motivation,38
help,971
improving,134
course,939
exceptions,23
starting,227
tiny,27
person,289
team,943
case,799
companies,1088
senior,262
guys,21
advise,13
50,237
500,108
sized,20
golden,21
mean,479
scientists,1456
board,99
helping,119
teaching,139
okay,26
found,421
apply,365
cv,74
highlight,53
paper,400
list,637
languages,288
github,403
repos,17
letter,30
opportunity,238
express,48
enthusiasm,13
add,310
practical,272
details,304
like,2221
weeks,120
hired,54
eg,24
looking,453
registration,122
flow,106
guess,60
page,278
plays,50
specific,539
prove,58
hypothesis,144
understand,846
deeper,112
eventually,99
push,77
kpis,41
hopefully,71
land,35
interview,588
chat,48
suggestions,35
personality,23
check,398
probably,234
basic,318
skill,120
test,649
pass,171
type,903
conclusion,101
know,1203
sounds,53
determined,49
cause,126
luck,18
subscribe,29
newsletter,19
reading,249
enjoyed,37
let,851
clicking,29
helps,232
story,181
original,568
posted,55
permission,327
bio,433
researcher,129
driven,439
startups,239
ecommerce,29
analytics,5332
10,1369
tips,98
signs,30
var,1068
disqus,1029
shortname,514
function,1229
dsq,2111
document,1762
createelement,516
text,1656
javascript,610
async,515
true,861
src,517
https,2210
embed,542
js,592
getelementsbytagname,1030
head,751
||,515
body,564
appendchild,514
"dsq
",459
gregory,242
piatetsky,232
pleased,25
introduce,108
tutorials,156
menu,13
item,101
brings,99
recent,460
tutorial,297
posts,318
additional,306
resources,483
mining,1291
sponsor,26
datacamp,70
offers,261
ways,439
including,727
intro,81
automatically,217
includes,256
category,145
months,244
index,173
included,226
cohort,38
series,692
apache,453
spark,1032
processing,806
clustering,274
pca,64
lake,94
amazon,375
machine,4844
ibm,447
watson,183
deep,2961
popular,694
section,124
21,273
viable,31
extract,223
open,1167
web,546
consider,330
deriving,31
better,1070
insights,745
cycle,134
plots,109
process,1162
frameworks,190
comparison,148
hierarchical,87
lessons,134
brilliant,33
visualization,654
getting,451
started,482
easy,535
overly,33
simple,859
bayes,72
theorem,43
explained,210
ensemble,157
methods,841
elegant,15
techniques,632
produce,146
improved,150
results,1142
elementary,17
introduction,417
sherlock,11
holmes,11
avoid,206
common,606
mistakes,105
rdd,42
dataframe,108
dataset,790
scikit,308
stack,125
implementing,151
classifiers,90
steps,430
understanding,752
education,234
pages,99
certificates,27
certification,68
usa,440
canada,107
update,138
linkedin,224
groups,292
nov,76
2014,482
analyze,279
membership,31
growth,269
trends,540
examines,22
activity,196
discussions,109
examined,23
relevant,313
added,201
000,355
members,132
professionals,318
consultants,30
group,531
hadoop,973
nosql,126
cloud,671
computing,453
warehouse,125
predictive,1656
dropped,50
smaller,121
bi,271
extracted,57
allowed,85
2007,49
chart,275
shows,278
breakdown,19
quarter,45
creation,92
fig,147
created,387
note,412
clusters,189
q3,53
2009,78
q2,60
names,139
allows,333
older,41
latest,279
second,485
cluster,243
2011,105
2012,183
q1,67
beginning,109
largest,142
18,279
june,209
apr,537
feb,536
2008,55
dec,175
2010,130
considered,136
marked,14
shown,231
average,353
scale,465
declined,24
16,343
reasonable,91
47,48
increase,310
rate,455
reflects,20
annual,98
2015,1494
300,45
66,24
look,831
tom,67
silicon,64
valley,73
correlation,197
causation,53
meaning,146
appear,78
doesn,322
causes,48
lesson,29
worth,160
work,1849
career,425
ll,798
principle,49
demonstrated,37
graph,428
stock,73
market,497
certainly,104
unrelated,17
number,1307
jennifer,23
lawrence,13
mentioned,176
media,488
lines,225
similar,531
statement,89
86,28
recall,67
coefficient,41
perfect,145
linear,486
relationship,175
perfectly,52
zero,167
high,913
value,1213
demonstrating,21
statistical,629
strong,268
passes,69
causality,27
actually,377
analyzed,75
poorly,36
mistake,55
avoided,11
seen,231
place,452
author,236
comparing,129
rest,148
explain,213
involves,104
samples,201
taken,169
exploring,114
relationships,166
read,688
explaining,70
going,481
wrong,223
instead,385
math,199
away,240
intuitive,78
visual,223
explanation,144
begin,115
create,691
completely,113
100,345
numbers,287
treated,33
99,79
y1,20
jones,15
y2,20
mentions,15
point,625
carefully,37
graphs,109
intuition,112
pearson,37
02,89
close,208
significant,287
regression,687
predict,508
08,63
extremely,151
low,264
given,649
tests,84
conclude,33
adding,148
trend,230
tweak,15
slight,17
rise,120
specifically,124
points,366
slightly,76
span,23
looks,167
corresponding,87
repeat,46
surprising,64
96,19
92,54
probability,295
chance,168
54,35
convince,22
strongly,54
correlated,61
statisticians,84
reveal,54
spurious,23
introduced,101
mutual,31
dependency,14
introducing,47
dependent,90
uncover,50
dependence,17
fact,369
popularity,108
seeing,141
increased,94
period,115
called,506
determines,21
effect,183
slope,17
change,580
result,403
highly,273
relative,74
changes,285
large,797
dealing,103
generally,205
increasing,153
decreasing,22
variations,40
waters,14
removed,49
detecting,68
approach,676
model,2988
remove,99
expected,169
replace,84
residuals,13
alternative,115
parametric,26
require,245
modeling,826
method,463
removing,54
differences,135
came,145
divide,49
examples,481
aware,81
surprised,28
compared,200
statistically,46
devoted,17
correlations,48
dozen,25
shapes,31
irrelevant,30
survive,25
de,133
trending,27
fortunately,29
provides,505
raw,169
perform,318
drop,88
considerably,15
oil,53
vs,472
consumption,54
88,42
drops,15
24,262
alex,53
attempts,44
price,294
days,385
steadily,11
rising,76
pure,40
manipulation,50
variables,429
performed,89
quantifying,13
final,224
long,452
ago,175
investigating,24
equipment,33
failures,41
weather,79
winter,41
summer,58
temperature,57
thought,240
occur,51
attempt,60
measure,258
control,255
caused,51
remain,72
patterns,294
expect,238
effects,93
book,560
issues,268
quantitative,115
forecasting,97
1989,13
chapter,35
discusses,54
issue,159
avoiding,51
principal,123
co,2996
20,761
applying,166
applications,994
verizon,27
hp,31
labs,169
editor,117
journal,65
webinar,245
fundamental,140
classification,534
similarity,118
matching,89
averaging,32
improves,48
accuracy,443
speed,207
kevin,70
gray,96
cannon,30
truth,128
lie,45
drawn,42
attention,181
legal,60
kinds,70
scholar,28
intellectual,36
merely,29
statistician,82
working,717
marketing,661
research,1694
regardless,66
living,66
consumers,119
daily,123
lives,113
refer,73
figures,50
mathematical,176
models,1899
flat,37
forms,73
nature,143
owners,39
noticed,37
exclusively,23
human,709
outright,12
lies,70
cognitive,168
biases,58
concern,38
scientific,198
community,431
elaborate,32
win,129
unusual,47
realizing,27
subject,164
presenting,57
sincerely,21
reasons,251
asked,150
seriously,29
making,652
request,80
client,116
needs,498
plausible,30
talk,305
talked,53
passed,26
advice,214
ramifications,12
decision,736
makers,78
everyday,49
jargon,30
fooled,21
theoretically,13
raising,17
grasp,41
regard,33
implications,52
fighting,16
geeks,11
unfortunately,74
writing,222
potentially,89
matter,178
specialized,91
field,620
consulting,107
capacity,53
propose,24
guidelines,36
inaccurate,17
information,1516
consequences,32
clear,264
essential,175
matters,53
purposes,84
expectations,85
persons,11
bill,66
repetitive,17
tracking,52
periodic,12
health,319
critical,258
designed,260
present,272
report,305
key,926
findings,126
possible,545
complex,581
visualizations,161
videos,202
end,653
users,895
leave,72
pros,44
normally,45
gets,174
said,229
preparing,51
presentation,123
wasn,44
communicating,41
clearly,159
finalized,15
internationally,12
quick,193
summary,196
english,115
email,149
speak,76
technical,532
clients,124
associates,12
talking,135
trying,243
searches,50
blogs,143
risky,13
calling,30
primarily,82
interested,334
modify,24
task,377
hand,262
ton,23
freely,33
internet,418
folks,62
programmer,59
ok,41
mindset,39
especially,275
widespread,29
mark,67
thoughts,81
rare,80
consensus,24
experts,367
classroom,45
typically,220
advised,15
seek,56
simplest,49
solution,450
occam,12
criticism,16
analysts,254
obvious,96
holds,102
billions,51
world,1605
fail,89
mislead,12
experienced,105
competent,15
knows,76
rule,122
pick,96
robust,104
sense,301
claims,89
contrary,24
ai,2155
able,650
artificial,604
general,483
reality,146
relying,32
automated,346
semi,73
procedures,26
feasible,38
modeler,26
tasked,15
generating,108
enormous,45
narrow,27
purpose,176
recommender,77
systems,1030
retailers,18
deployed,100
mind,204
mass,43
lot,585
produced,137
predictions,475
equally,54
guaranteed,25
profitable,26
contrast,75
multivariate,40
charged,12
algorithms,1334
returning,24
noted,55
known,286
earn,42
speaking,84
coming,208
objective,124
briefly,39
sum,104
tries,54
arm,14
saying,70
necessary,236
careful,50
assumptions,119
homework,17
ask,277
warn,11
partners,132
lots,104
advance,109
communicate,105
similarly,74
assume,116
terms,395
correctly,86
summarized,22
interpreted,22
option,104
certain,257
situations,88
remember,142
professional,236
develop,258
habits,23
logic,84
evidence,110
lose,43
worst,31
interest,264
beat,39
debate,39
snapshot,22
sensitive,58
hope,188
interesting,482
helpful,119
background,170
photo,46
richard,45
influential,47
20th,17
century,92
president,173
consultancy,42
reposted,311
founder,349
mljar,17
performance,836
kaggle,309
credit,234
challenge,373
reported,59
obtained,69
apis,212
predicsis,14
bigml,36
inspired,70
louis,11
downloaded,29
150,53
training,1519
input,494
attributes,117
binary,143
target,295
distributions,75
types,402
presented,163
picture,107
categorical,112
values,652
missing,188
handled,20
filled,37
median,101
preprocessing,119
applied,434
testing,306
competition,195
submitted,30
scoring,71
system,800
available,767
platform,790
extreme,45
gradient,245
machines,303
xgboost,143
package,236
forest,92
sklearn,104
extra,79
trees,184
regularized,12
c++,111
implementation,288
nearest,82
neighbors,39
neural,1166
networks,987
keras,150
tensorflow,507
algorithm,837
tuned,47
separately,33
include,585
hyper,33
parameter,127
search,475
additionally,64
fold,45
validation,197
area,260
roc,37
curve,84
auc,47
metric,164
classifier,259
table,317
highest,128
single,547
surprisingly,52
proper,88
scaling,93
features,841
computed,48
importance,153
figure,497
observed,85
feature,741
uses,332
differently,39
overall,191
accurate,211
69,27
total,236
selected,136
prediction,582
train,540
validate,37
set,1242
76,25
17,316
600,18
higher,298
approximate,37
rank,82
assessed,16
60,76
gives,229
taste,24
slower,30
services,551
learns,68
15,452
gb,14
ram,35
user,671
public,355
accessed,33
youtube,86
assistant,103
professor,250
technology,1012
applies,64
energy,143
physics,70
experiments,145
current,462
state,540
auto,100
randy,22
olson,25
tpot,41
lead,331
peter,73
bruce,20
apple,105
ceo,215
tim,24
cook,19
finally,194
watch,142
widely,137
earlier,134
month,212
press,62
coverage,73
centered,24
saw,68
gather,60
huge,222
amounts,127
sensors,95
medical,228
traditionally,41
inconsistent,20
costly,35
collection,298
care,219
position,178
teaches,36
institute,129
origins,20
term,373
hear,134
today,584
mystery,15
coined,24
1998,18
anticipated,11
buzzword,18
concept,204
apps,126
studies,226
disease,63
diabetes,17
cancer,102
heart,84
benefits,181
ability,367
tap,17
sitting,26
mobile,214
operating,82
ios,14
extended,44
car,204
home,142
parts,165
told,42
conference,729
product,640
tells,69
having,377
access,511
necessarily,81
transformation,151
occurs,30
master,212
potential,365
limitations,77
essentially,105
subjects,54
iphone,24
privacy,295
sharing,186
ethical,36
likely,397
device,113
near,123
future,681
concerns,65
leads,140
far,344
familiar,130
basis,100
collected,142
increasingly,137
decisions,446
devices,263
accept,46
demand,256
arise,29
analyses,98
manually,61
particular,355
instances,97
allowing,88
risks,82
opt,31
comfortable,43
danger,13
participation,34
deal,170
unexpected,33
symposium,52
march,252
org,201
submission,45
deadline,64
february,109
papers,344
abstracts,12
researchers,383
practitioners,199
academia,116
industry,855
government,166
share,427
experiences,75
organized,70
boeing,34
invited,29
contributed,34
presentations,100
submissions,52
limited,234
financial,355
support,586
travel,78
authors,113
specify,69
assistance,25
speakers,225
rich,104
microsoft,471
georgia,15
university,724
carnegie,13
mellon,16
david,96
michigan,23
chairs,18
sponsors,17
www,352
anmol,203
rajpurohit,195
amit,19
sheth,17
educator,17
entrepreneur,43
executive,186
director,322
ohio,12
center,291
excellence,33
enabled,72
kno,14
sis,14
social,592
sensor,119
semantic,158
multidisciplinary,12
solutions,559
healthcare,357
sciences,134
cited,72
wide,220
databases,219
led,163
commercial,134
products,403
successful,227
founded,307
1999,15
developed,276
q5,42
collective,34
capabilities,318
favorite,112
active,140
noisy,33
activities,101
advanced,561
capability,92
linked,57
structured,182
multitude,11
dimensions,134
temporal,49
content,522
network,1076
sentiment,288
emotion,44
scalable,101
hosted,58
cores,29
main,393
memory,295
storage,200
utilizes,11
extensive,98
domain,277
challenging,120
problems,927
turkey,19
bird,112
country,128
personalization,44
quickly,309
utilize,45
components,182
provide,568
actionable,187
unique,330
variety,294
outlets,12
resulting,98
saving,46
reducing,72
phd,211
students,312
couple,103
isolated,16
component,102
tool,469
international,213
digital,332
filter,230
stream,88
requests,58
rescue,11
calls,78
indian,21
coordination,15
office,89
leading,412
actual,243
sample,315
ar,349
q6,40
challenges,416
performing,135
facebook,333
twitter,350
emergency,12
response,158
choice,167
insight,267
valuable,192
action,211
affect,72
outcomes,152
demanding,14
sparsity,15
intentions,13
usage,175
situation,84
region,91
demographic,39
veracity,29
local,161
existing,281
emerging,121
regional,22
organizations,434
institutions,66
participate,47
geographic,16
transportation,47
respect,86
analyzing,175
tweets,355
synthetic,14
exceed,12
million,218
day,893
drug,72
containing,83
referring,29
offering,108
belong,18
categories,131
respectively,67
q7,40
biggest,145
integration,198
multimodal,13
multi,190
headed,18
exciting,134
received,122
humans,267
effectively,155
seamlessly,30
consume,24
diverse,103
event,485
image,845
audio,73
simultaneously,49
semantics,32
addressed,40
heterogeneous,30
fusion,18
perception,42
soon,141
q8,39
chief,445
sales,312
customer,709
merged,15
later,206
acquired,80
grew,15
employees,82
spent,126
ga,52
tech,277
retained,11
banks,39
awarded,18
patent,17
browsing,16
advertising,66
reviewed,25
particularly,159
proud,20
pioneered,14
nearly,110
designing,59
academic,174
curriculum,63
predictionio,36
tinder,37
largely,59
interface,147
hot,117
opinion,113
crafted,24
success,351
spin,16
offs,18
jobs,331
dogs,16
according,231
pretty,186
didn,140
miss,96
fun,144
sourced,26
demo,88
comics,14
discover,155
powered,50
server,141
developers,279
power,426
literally,29
causing,34
meant,51
whilst,19
guarantee,43
app,220
provided,231
lets,110
enjoy,90
stories,205
publish,41
eyes,42
xkcd,17
economist,16
playing,98
live,258
click,185
green,91
face,203
red,150
interactions,92
engine,160
templates,24
faster,264
template,25
powering,12
recommendation,94
likes,85
ruby,19
dash,63
collaborative,72
filtering,42
play,209
ahead,115
http,262
io,135
docs,40
raised,64
$2,29
5m,14
gooddata,27
service,571
guides,13
bart,16
baesens,19
ku,20
leuven,20
profit,66
presents,76
toolbox,51
analytical,227
approaches,252
subsequent,57
optimal,132
tailored,24
setting,112
crucial,94
account,160
costs,146
output,459
extend,43
abilities,27
traditional,275
perspective,180
descriptive,70
uplift,70
stepping,13
stone,17
developing,230
prescriptive,47
range,383
evaluation,183
measures,115
assessing,30
economic,98
impact,424
adopting,28
zoom,15
development,613
operation,68
organization,347
consists,71
hours,216
movies,105
quizzes,19
facilitate,48
material,102
unlimited,23
scripts,63
year,816
concepts,295
methodologies,45
sas,247
software,1157
laptop,20
browser,68
ph,93
belgium,18
lecturer,27
united,88
kingdom,16
published,223
200,95
fraud,236
risk,349
mainly,77
supply,77
chain,120
management,720
award,110
european,73
operational,125
innovative,132
lab,156
era,85
starts,105
immersive,17
hands,228
goal,293
strategy,321
agency,119
courseware,17
spans,24
levels,154
analytic,360
roles,153
leadership,94
collaborate,50
arrive,26
measurable,44
depending,118
objectives,57
choose,221
independent,124
jump,40
progression,21
view,383
schedule,116
upcoming,157
obtain,75
immediately,72
plan,144
prepare,112
identify,309
qualify,13
prioritize,30
opportunities,240
establish,42
standardized,32
implement,234
acquire,48
blend,22
tactical,26
strategic,146
stand,67
incremental,41
vendor,115
neutral,43
exposure,41
maturity,58
transform,152
assets,121
register,424
links,122
reference,94
overview,273
orientation,12
class,481
reserve,34
space,419
ready,182
preview,25
registering,25
sign,120
failure,137
launch,115
ground,123
orbit,23
pedro,30
domingos,24
scenes,25
mined,17
clicks,24
purchases,14
recommendations,137
ad,124
placement,24
drive,249
cars,121
translate,53
speech,302
jeopardy,17
race,66
growing,247
awareness,35
welcome,43
force,76
shaping,15
misconceptions,13
grown,34
tour,41
ones,226
summarizing,13
knowing,88
watched,17
figuring,21
record,101
guide,300
pay,101
robot,65
formulate,13
hypotheses,64
refine,22
believe,259
millions,112
pairs,53
events,348
impression,20
famous,81
flu,14
early,373
spreading,15
richer,17
shape,199
color,163
skin,20
causal,56
actions,123
observing,20
essence,19
discovery,262
commerce,39
site,165
participated,27
thousands,154
discovered,65
previously,155
unseen,36
black,140
happened,65
predicted,147
art,230
predicting,172
spam,81
filters,49
flag,28
emails,52
housing,12
crash,30
flawed,23
phone,101
records,138
nsa,16
terrorist,16
accidentally,12
matched,24
detection,345
entities,79
keeping,89
minimum,105
decreases,16
rules,189
stronger,36
involving,37
multiple,504
york,245
city,209
hall,21
suspicious,14
buying,37
quantities,15
contact,185
plot,210
fields,209
reasoning,78
experimentation,60
mimic,16
running,262
generic,29
database,390
encoded,23
computers,130
naturally,48
box,202
trust,137
hard,367
responsible,89
notable,31
successes,33
recognizing,40
cats,40
myths,22
optimistic,23
simpler,57
belief,25
says,115
explanations,56
reason,218
consistent,57
powerful,234
continuing,40
outputs,118
diagnosis,38
match,158
tumors,12
reliably,16
despite,95
trusted,22
opposed,48
superhuman,16
advances,145
longer,206
tasks,503
washington,80
dead,27
brandon,24
regular,167
impressive,77
achievements,17
intent,27
went,97
convey,25
scratch,111
runs,85
converted,26
11,464
mastered,17
seconds,56
complexity,190
generator,103
layers,210
took,123
loop,123
deciding,29
depth,183
recursive,13
rnn,101
turns,63
efficient,201
nvidia,58
gpus,89
moved,53
implemented,130
seed,48
dramatically,35
desktop,34
gpu,221
classifying,33
locked,12
building,681
impossible,82
plus,69
voice,55
recognition,458
detect,138
randomly,80
marriage,13
driving,240
proof,58
animal,11
cat,66
horizon,18
magic,167
powers,20
transparent,34
aren,107
replicate,16
wrapper,20
visualize,130
happening,73
log,131
logs,25
slow,72
tensor,70
charts,158
equivalent,56
nlp,249
odds,68
taught,121
word,604
planet,35
defining,55
wrap,16
genetic,78
44,26
distributed,367
evolutionary,33
write,247
release,119
55,36
oh,31
wait,60
dog,70
trainer,18
brains,34
track,227
fool,21
thinking,217
combined,100
blockchain,119
hype,154
hash,61
run,537
sets,325
nodes,97
farm,25
wouldn,57
slice,22
load,150
normal,96
size,469
larger,179
propagation,27
orders,22
selection,262
entire,188
heuristics,11
combination,145
technologies,470
simulation,72
supposed,28
modeled,20
hardware,141
brain,205
50+,34
differs,12
takes,242
dozens,35
isn,203
follow,239
pulse,34
optimizing,89
recurrent,107
starter,14
architectures,157
ran,62
nyu,53
backend,27
announced,79
tradeoff,30
images,469
suggested,41
recognized,53
thinks,28
aims,60
save,287
tag,68
photos,44
settings,55
objects,119
upload,42
labels,150
ranked,58
water,33
scene,26
object,231
bar,80
shoes,12
retrieval,77
notes,80
azure,188
meets,46
"learning
",33
14,309
retweeted,90
deeplearning,222
natural,435
oxford,57
slides,58
lecture,37
favorited,88
icymi,32
artificialintelligence,11
viewed,241
datascience,379
moocs,32
kdn,21
clicked,97
engaging,141
pandasql,25
courtesy,23
society,104
rstats,72
packages,239
machinelearning,458
engineers,295
chess,50
unsupervised,187
investments,97
investors,106
francesco,18
ebooks,16
bigdata,234
ingo,12
humor,44
watching,34
rapidminer,124
helped,89
friend,52
unicorn,28
explains,59
basics,134
entertaining,12
style,110
completed,52
season,56
plans,71
length,181
unicorns,13
vector,403
love,171
titles,41
visitor,16
judge,18
overfitting,151
outliers,128
calculating,46
errors,118
accelerating,27
uncertain,14
naive,59
turning,44
educational,63
rapid,95
simon,26
nathan,34
rankings,22
ranking,87
programming,562
repo,93
count,163
overflow,34
comfort,20
guidance,40
developer,210
survey,256
interpretation,43
reasonably,26
grow,142
adoption,103
shrink,11
drives,40
steady,22
base,196
2016,954
released,133
unable,34
php,26
android,17
node,110
scala,130
engineer,283
nyc,84
occasionally,20
studied,46
columbia,32
businesses,260
2018,770
leaders,276
cdata,56
"gt
",55
linda,17
burtch,41
hearing,20
sister,11
stop,129
salary,134
handy,53
figured,15
increases,97
wanted,118
changed,98
13,328
prior,199
roughly,39
45,71
percentage,57
junior,24
accounts,38
greater,134
changing,181
sorry,13
staying,24
seats,23
giving,108
retention,78
compensation,22
motivating,11
factor,116
evaluating,68
motivated,48
curiosity,46
factors,165
retain,18
buy,158
empower,32
department,139
tackle,66
competitive,123
salaries,48
attrition,29
exactly,141
bonus,27
study,299
vary,64
status,68
highlights,129
curious,42
hiring,169
manager,192
recruiting,27
retaining,12
expert,314
managing,166
stay,123
quants,17
cazena,19
simplifies,21
lakes,34
warehousing,46
sandbox,12
teams,354
iterate,24
aws,78
compute,156
security,338
embedded,91
interfaces,53
connect,134
enterprise,404
join,297
week,388
primary,96
benefit,161
vp,121
"com
",37
compare,162
preceding,19
waves,21
saas,39
vc,22
panels,18
vcs,11
yes,134
informal,15
poll,203
75,54
goes,167
younger,18
electricity,22
ubiquitous,26
assumed,32
definition,167
augmented,22
context,322
fully,181
agree,69
vast,106
required,317
sensing,16
andrew,133
ng,93
rocket,25
analogy,41
satisfied,19
==,48
succeeded,12
smartphone,25
remote,36
acting,14
outperform,17
metrics,280
sharp,30
moving,162
asynchronous,11
sufficient,54
draw,85
lately,23
solve,381
scope,81
sudden,11
organizing,33
bay,50
define,180
vision,332
held,119
san,481
francisco,319
2017,906
separating,21
modern,197
relate,28
customers,410
emphasis,59
corporations,30
analyse,27
investigate,35
relatively,121
straightforward,72
excel,162
player,84
surface,49
involve,60
unit,103
poor,78
mathematics,147
analysing,12
passion,43
maths,26
quality,519
succeed,47
calculate,126
analysed,17
platforms,399
chances,42
communication,159
bring,182
clarity,36
formulas,11
aid,27
organisation,19
lack,153
matlab,38
dirty,25
dig,26
matches,101
theory,262
convinced,25
review,235
lacking,26
wish,45
sector,68
placing,30
oracle,66
net,178
path,207
candid,14
datamining,57
universal,39
fast,413
dark,66
intel,119
pipeline,176
clearer,19
09,84
datascientists,20
foundations,70
tabular,28
rachel,33
updated,126
private,109
france,46
mission,57
commit,25
industrial,124
partnerships,22
players,111
ge,54
programmes,12
campus,56
paris,51
programme,35
msc,22
degree,184
mode,83
entries,35
spring,49
industries,225
periods,30
recordings,21
meetings,77
professors,32
engineering,503
classes,226
availability,74
michael,136
electronics,21
internship,19
countries,115
backgrounds,38
explore,227
nicolas,13
everybody,33
speaks,17
daniel,57
ba,32
economics,55
la,26
route,28
71,14
bob,25
tweet,55
turn,163
ml,560
answered,44
podcasts,31
newsletters,15
select,186
options,177
excluding,16
32,66
bloggers,18
25,304
reilly,94
19,245
podcast,31
hunch,14
channel,60
12,485
inference,106
gelman,12
employed,44
harder,60
submit,63
guest,18
cleaning,109
error,420
appeared,40
separate,122
identical,27
fixed,81
screenshot,20
30,486
influencers,73
mar,575
28,231
expectation,30
jupyter,159
notebook,177
practices,213
gentle,17
roundup,11
concise,65
bayesian,135
wine,20
edition,87
datascientist,31
automation,225
jan,514
03,92
terrific,12
acceleration,30
fake,131
kirkdborne,11
resolutions,21
beginners,87
harvard,73
global,397
bootcamp,92
convention,25
paced,20
agnostic,47
landscape,82
targeted,60
iot,478
kafka,46
streaming,168
vertical,42
anomaly,71
operations,259
cassandra,38
mongodb,37
neo4j,21
attendees,97
attended,35
unlike,86
sessions,178
following,572
aspects,144
exercise,52
installing,43
customize,28
corporate,104
intense,26
hrs,45
completion,36
architects,33
networking,103
specialists,44
managers,172
executives,112
architect,95
qa,20
pre,212
pm,366
staff,84
delivery,68
promotional,23
receive,111
$200,40
discount,210
agenda,134
james,118
taylor,37
outlined,31
crisp,41
dm,53
fix,94
discussed,102
bringing,77
complete,256
involved,143
address,178
deployment,178
phase,125
iteration,82
frame,69
showed,63
failed,46
act,80
surveys,47
difference,241
deploying,86
integrating,72
elements,140
appropriate,137
numeric,89
interactive,260
instance,268
intended,78
requires,234
manual,62
rep,11
worker,27
supports,101
reveals,37
organizational,80
behavior,243
processes,303
coded,32
showing,94
audit,22
regulatory,40
policy,111
framework,310
ties,14
improvement,86
producing,54
destination,32
evolution,73
policies,53
regulations,28
markets,101
competitors,53
react,28
tomorrow,31
age,243
monitored,14
kept,45
date,273
environmental,29
captured,44
adaptive,49
continually,23
boundary,27
alert,23
conditions,80
updates,72
defined,202
evolving,70
structure,210
determine,165
tracked,23
ongoing,49
influences,12
external,86
influence,101
constraints,72
effectiveness,66
individually,20
leader,135
brief,82
agile,81
sizes,46
sectors,47
adopt,36
standards,65
matthew,190
mayo,163
continues,94
places,67
breaking,50
exclusive,93
spectrum,50
begins,52
thread,25
discussion,196
quote,34
ama,48
intelligent,195
conducted,48
august,52
feel,185
deepmind,98
ii,64
imperfect,15
game,282
states,175
markov,66
planning,111
label,148
pictures,41
160,16
tagged,37
bear,21
broken,43
glass,11
shark,12
alphago,56
wins,55
fan,29
benchmark,38
constantly,80
yann,51
lecun,56
suffer,26
curse,32
dimensionality,103
opened,21
manageable,12
posting,22
journey,109
december,57
openai,39
universe,42
mooc,45
coders,36
musk,19
tesla,30
awesome,118
november,60
montreal,32
overlook,60
bot,113
dangerous,29
recognize,99
cutting,86
edge,171
torch,72
investment,122
putting,75
transactions,100
topology,36
arts,27
economy,89
cloudera,99
hire,96
mastering,82
beginner,65
winner,101
disappoints,28
falls,62
shallow,48
indicates,51
views,223
shared,347
23,214
walkthrough,30
citizen,84
revolution,148
ethics,48
tay,11
"2016
",27
reena,13
shaw,20
feynman,23
technique,184
ted,66
talks,149
pandas,284
boosting,104
robert,54
vectors,191
kogentix,18
docker,111
quantum,63
05,70
"2018
",22
efforts,115
generate,255
immense,23
volume,135
marketers,35
retrieved,15
hundreds,128
movie,93
advantage,259
counterparts,16
criminal,17
pivotal,23
evident,28
beautiful,67
websites,70
funny,31
personal,232
contain,96
adverse,24
aes,17
vital,44
newly,34
approved,13
drugs,19
approval,12
experimental,87
laboratory,34
trials,27
launched,77
clinical,144
considering,95
manufacturers,35
continue,151
effort,135
reduce,186
eliminate,25
official,87
reports,181
outdated,16
patients,100
voluntary,11
reporting,115
inform,41
officials,12
queries,160
giants,16
linguistic,22
boasts,15
monthly,53
agencies,43
diseases,38
communities,51
purchased,29
inc,127
searching,59
difficulties,27
custom,79
signal,106
noise,135
lay,19
vocabulary,62
correspond,24
duration,24
tweeted,11
touch,45
messages,41
encouraging,11
manufacturer,16
cultural,20
contextual,34
portion,26
unlikely,40
drastically,26
texts,35
mentioning,16
missed,37
2002,14
safe,40
permanent,14
birth,35
women,180
warning,22
complaints,12
forums,18
weight,128
death,39
deaths,18
paid,69
frequency,76
brought,69
heard,54
minds,55
campaigns,47
individuals,152
gain,187
journalist,23
diversity,52
trump,81
enthusiast,41
demonstrate,74
colab,54
fastai,29
internal,147
kind,175
gave,76
shot,41
announcement,18
moment,83
limit,52
continuous,126
assignment,34
vm,14
connecting,50
collaboration,130
notebooks,133
file,400
uploaded,34
visit,133
setup,49
cells,29
enable,165
runtime,36
accelerator,36
cell,74
pytorch,80
default,115
delete,17
pip,43
library,407
downloading,23
commands,43
smooth,25
minor,23
heavy,46
underlying,148
differential,54
rates,174
barrier,23
afford,22
scaled,29
updating,26
medium,70
fantastic,61
jeremy,40
howard,36
cartoon,350
valentine,51
identified,75
dates,88
siri,15
cortana,15
alexa,19
ably,11
jon,23
carter,13
wishes,18
adjustment,12
2013,201
cartoons,39
thanksgiving,15
scary,16
labor,31
robotics,98
sexiest,36
21st,61
secret,55
surprise,68
contest,77
answering,81
addiction,15
retirement,15
mother,34
allergies,16
"data
",29
paradigm,60
analyzes,29
streams,56
areas,327
aggregation,27
enrichment,13
joining,48
sequences,50
follows,138
scalability,55
manage,165
sub,97
processors,31
api,419
standard,319
flink,38
storm,37
aggregated,23
ag,12
program,509
statements,36
translated,21
perl,12
compiled,28
processor,27
syntax,48
relational,64
core,274
usability,17
prevalent,20
described,146
specifying,25
ideal,80
scenario,81
ansi,11
currently,268
bits,34
pieces,76
supporting,59
query,207
debugging,22
programmers,62
prefer,54
graphical,48
gui,19
environments,121
varies,32
significantly,127
solved,79
handle,144
workloads,52
expand,63
horizontal,29
servers,60
elastic,36
incoming,22
refers,71
maintained,22
window,86
store,180
periodically,11
rdbms,23
history,226
typical,101
functionalities,17
reliable,43
fault,32
tolerant,14
reliability,33
tolerance,21
achieved,89
operator,31
message,79
introduces,37
latency,30
penalty,24
execution,88
keeps,53
beneficial,26
recovery,18
computation,121
layer,425
tier,36
programmed,24
generation,228
interests,71
contributions,68
version,277
optimization,340
revised,15
separated,16
design,385
flexible,107
distinguish,48
shift,68
fine,93
concrete,42
stick,29
actively,45
creates,97
creativity,68
innovation,355
disruptive,22
trivial,39
believing,14
mechanical,26
interpret,72
philosophy,30
measurements,43
pragmatic,16
concerned,54
profitability,20
identifying,124
informed,65
rational,17
recording,33
visualizing,68
historical,120
maps,103
personnel,23
extraction,77
cumbersome,13
dynamic,109
enterprises,111
heavily,74
appears,72
adaptation,20
anticipate,28
directly,228
map,229
summit,452
29,184
meet,185
technologists,16
entrepreneurs,28
room,91
discussing,59
mit,138
flickr,12
metamind,31
toronto,71
stanford,224
nets,93
leverage,177
expression,108
emotions,37
items,138
neuroscience,39
manufacturing,139
dl,185
computational,175
confirmed,38
charles,34
postdoctoral,19
seeks,28
covers,128
representation,176
le,36
breakthroughs,43
representations,135
unknown,43
conversational,43
interaction,98
dr,224
heads,34
provider,76
forests,85
augment,28
camera,25
socher,18
cto,89
capture,124
modalities,11
pioneer,27
researching,20
doctoral,24
fellow,87
hinton,71
tickets,55
hello,34
karolis,11
urbonas,11
headlines,16
sold,55
college,81
programs,231
crazy,21
fastest,51
tried,76
reflected,20
mixed,30
house,157
slowly,23
shifted,14
banking,48
crunching,21
tons,26
specializations,15
finishing,14
middle,61
venn,12
diagram,49
rarely,51
exist,119
talented,27
craft,50
switching,28
careers,49
branches,17
expertise,200
priorities,26
straight,105
realistic,22
assess,68
hr,89
functions,323
optimized,96
graduate,114
student,146
passionate,51
maybe,129
music,72
imagine,139
employ,39
specifics,16
foundation,127
introductory,64
tables,100
initial,129
conclusions,77
exploratory,81
absolutely,38
mandatory,15
deviation,63
averages,19
mathematician,12
patient,161
sound,88
preparation,126
fundamentals,80
positions,150
chose,48
tip,26
dplyr,13
ggplot2,25
seaborn,21
libraries,256
hacker,22
solving,170
requirements,115
definitely,111
prepared,47
solver,14
spending,51
campaign,93
concerning,14
rejected,21
applicable,48
datasets,486
happens,108
stuck,30
struggling,22
passing,28
ride,28
bike,25
artist,12
lee,20
captures,32
delivering,69
exams,30
airbnb,84
transformed,54
madrid,14
collecting,77
warehouses,45
sought,22
maintain,66
blocks,85
etl,109
pinterest,19
airflow,15
argued,14
somewhat,75
pipelines,147
defines,42
schemas,13
relations,28
partitioning,11
enables,115
querying,34
sections,43
anatomy,23
operators,41
operationalize,14
loading,54
drawing,47
stitch,33
appreciate,36
configuration,56
star,95
schema,33
sky,19
saved,35
order,612
serve,91
accurately,79
optimize,144
transaction,140
designer,37
normalization,40
decide,115
extent,44
normalized,31
carry,39
redundancy,12
proliferation,14
diligence,11
joins,29
aka,41
joined,45
upstream,16
dependencies,57
maintenance,102
modular,17
balance,72
trade,79
commonly,85
visualized,21
pattern,140
focuses,111
dimension,67
ease,72
dim,13
respective,37
detail,92
transactional,30
row,152
represented,86
simplicity,62
derived,59
foreign,19
listings,11
occurred,24
projected,24
hoc,27
throwing,11
readily,20
inefficient,14
partition,31
storing,47
chunk,19
break,88
contained,42
chunks,17
assigned,33
subset,98
looked,52
greatly,40
ds,55
s3,40
stored,110
labeled,96
furthermore,71
batch,158
partitions,18
counting,29
specified,32
wonder,27
computes,15
forward,254
backward,20
desire,23
revisit,14
movements,15
hive,77
functionality,118
construct,43
illustrate,57
dashboard,73
earliest,13
tedious,26
simplify,44
expanded,27
beauty,22
insert,19
incorporates,11
meetup,47
april,268
nowadays,33
breakthrough,17
stages,56
traffic,135
cities,80
massive,154
estimates,61
minute,53
trouble,37
breadth,44
fingertips,14
modified,26
transfer,103
parties,37
billion,113
entitled,19
distribution,340
majority,146
tail,27
character,83
variation,33
counts,66
publication,45
balanced,31
et,511
al,133
colors,34
convolutional,155
proved,30
imagenet,31
tend,118
lower,165
attract,15
exhibit,24
positive,209
negative,168
magnitude,37
suggests,68
tags,62
description,141
concluded,27
reaches,13
77,24
aligned,30
wei,15
trifacta,43
obama,26
advisor,40
dj,28
patil,28
nation,21
wrangle,13
publicly,29
gov,28
enabling,99
governments,22
trial,70
wrangling,61
spirit,13
began,53
productive,31
700,23
bikes,16
70,62
stations,16
visitors,33
air,40
surrounding,53
examining,28
routes,18
inventory,34
trip,30
breaks,29
rows,138
columns,198
header,20
metadata,65
csv,220
histograms,29
trips,30
zip,21
column,207
clean,134
indicated,24
grey,20
station,26
enrich,18
attribute,65
lookup,13
terminal,16
standardize,12
geo,19
highlighting,18
histogram,40
selecting,62
profiling,19
heat,22
4th,43
ending,19
systematically,23
aggregating,13
satisfy,17
intelligently,20
ids,21
located,60
ordered,27
recognizes,15
id,147
characteristics,91
gathered,26
kick,14
export,24
tableau,139
stats,65
exercises,59
combines,42
offerings,55
believes,19
solves,25
informatica,12
virtualization,18
checklist,16
sebastian,42
raschka,27
automate,66
basically,70
readable,25
instructions,47
executed,37
mail,42
assuming,46
contacts,11
contains,205
folder,26
evaluate,153
forth,29
mails,20
inbox,11
automating,48
feed,79
shall,20
representative,31
conventional,37
produces,47
desired,90
svms,38
prasad,12
originally,79
posed,22
thorough,30
deemed,15
deserve,21
dedicated,87
buys,67
gender,99
location,169
toy,56
variable,287
predicts,88
confusion,46
matrix,322
sensitivity,16
tp,21
fn,14
false,174
alarm,11
specificity,14
tn,12
precision,99
imbalance,23
population,171
associated,151
evaluated,43
positives,43
negatives,25
aim,62
sampling,120
hybrid,43
minority,20
observations,123
replication,13
loss,198
equal,102
formed,21
calculated,66
multiclass,14
fewer,58
predictors,82
las,69
vegas,70
packed,23
insightful,62
keynote,112
vendors,146
achieve,188
bigger,77
broader,48
paw,257
divided,44
tracks,66
grouped,21
operationalization,18
workforce,141
manifold,12
acquisition,83
entrepreneurial,12
employee,76
utilization,17
ticket,44
elevate,13
churn,122
granular,11
session,145
delivers,39
tactics,20
alongside,35
silver,77
impactprivacy,17
"policy
",32
installation,41
resolve,21
enter,60
god,24
light,87
virtual,109
gurus,12
writes,73
dockerfile,16
builds,50
reproducible,18
versions,87
distributing,11
employs,16
reusable,18
inside,99
ubuntu,28
apt,20
python3,13
executing,21
locally,27
minimal,39
gains,37
dockerhub,13
lastly,28
special,147
mention,69
personally,42
truly,110
git,48
pull,51
ignored,30
aspect,100
edit,18
substantial,75
enjoying,12
subscribing,12
deployments,39
dan,37
forbes,33
contributor,46
panel,90
revealed,20
uber,126
etsy,14
intuit,11
sunday,24
central,101
deeply,34
tremendous,36
rush,21
panelists,12
scales,48
alternatives,30
justice,23
balancing,24
adobe,11
qubit,13
ux,13
goals,173
pointed,37
fascinating,43
winning,91
supported,77
integrated,112
creating,410
mechanisms,46
architecture,242
lifecycle,28
sites,67
deliver,164
integrate,86
ecosystem,193
finance,144
120,13
handles,23
tax,35
testers,11
constructed,28
struggle,35
january,162
white,131
sophisticated,87
interacting,30
segments,62
sorts,47
complexities,14
definitions,40
battle,15
opinions,62
allow,213
exclude,12
rapidly,100
faced,28
prep,22
segment,38
influenced,23
regulation,31
structures,97
disruption,28
implies,39
finds,41
adopters,18
america,133
hey,13
chicago,195
innovations,55
innovate,28
thursday,59
warner,17
cable,16
subscription,13
promotion,37
experiment,130
restrictions,12
estimating,28
attributed,12
timing,11
confounding,17
dominated,17
moves,53
segmentation,80
minimize,66
controls,31
b2b,13
2020,50
1000,87
tb,19
buyers,23
stakeholders,75
evolve,54
gaussian,33
mixture,25
niche,48
conversion,44
funnel,12
timely,19
alerts,19
logistic,195
svm,131
boosted,36
proactive,13
followed,63
responding,15
talent,141
culture,104
adjusting,15
acumen,15
ksenija,19
draskovic,14
delivered,77
describing,63
emphasized,13
comprehensive,143
consisting,30
roi,82
picking,40
priority,40
regards,42
unstructured,179
unified,46
centralized,31
units,128
threat,64
humanity,52
cut,54
pennsylvania,18
explicitly,50
claim,78
considerable,34
accomplish,40
enthusiasts,16
explicit,40
nonetheless,19
automates,18
hyperparameter,55
tuning,111
kernel,72
parameters,280
tune,57
hidden,201
hyperparameters,52
impacts,34
performs,77
mnist,58
handwritten,19
digit,29
import,190
pd,75
numpy,186
np,98
randomforestclassifier,12
val,58
score,404
gz,13
scores,190
axis=1,16
print,206
achieves,19
94,23
digits,49
classified,40
addresses,37
defaults,12
suited,61
classify,78
hill,32
logisticregression,11
61,23
ian,38
sponsored,89
forrester,64
conducting,31
pack,19
revenue,125
profits,39
infrastructure,269
respondents,59
46,25
promote,23
peers,45
62,23
allocate,16
disrupting,19
established,87
deploy,118
ultimately,69
discipline,46
74,22
initiatives,105
reach,147
partner,108
realize,81
rabbit,12
holes,13
explores,33
digging,15
exploration,104
conscious,11
falling,19
hole,14
investigation,39
describe,149
refined,23
fall,111
un,35
happy,87
lost,82
bullet,22
ensures,17
intervention,30
generated,233
waste,26
incredibly,56
tempting,11
inner,26
trap,12
cool,81
feeling,45
tough,21
ultimate,57
forget,82
beware,15
kenneth,22
instantly,15
80,86
neurons,141
remarkable,20
inspiration,31
ann,31
surveillance,22
guiding,11
autonomous,107
vehicles,53
presence,40
ray,24
smartphones,19
installed,44
handwriting,12
convert,85
typed,13
national,120
illustration,28
correct,126
understands,27
pixels,78
pixel,62
85,52
84,28
identifies,22
identification,33
obviously,58
observation,56
biological,54
connections,87
netflix,80
coursera,86
boston,147
instructor,57
certificate,79
dc,44
seattle,53
wa,22
jul,58
consistency,30
organize,36
coordinate,35
soft,40
traits,21
diego,73
sony,11
walmart,12
ebay,34
tends,26
shorter,21
expectancy,12
lean,14
frequent,52
milestones,11
ample,11
confirm,24
validating,27
resource,127
reached,66
storytelling,36
friday,45
19th,14
discounted,29
marriott,14
hotel,45
spanning,11
retail,114
forecast,73
jim,17
chi,13
modelling,56
chase,33
electric,18
attendance,18
secure,70
prices,111
alternatively,21
theiegroup,12
415,16
copyright,53
"enterprise
",13
meta,46
brown,35
morning,24
profiles,46
260,11
ranging,39
comment,68
accomplished,24
stopping,19
colleague,16
suitable,50
liked,70
organizers,28
woman,23
proposed,66
qualified,23
claimed,23
seven,44
men,40
division,50
neat,17
monica,13
rogati,11
jun,126
met,27
man,56
stage,122
proposal,23
proposals,38
male,40
speaker,96
stem,32
declining,14
decades,65
promoting,20
profession,42
attracting,11
dominate,22
ly,84
direct,105
faculty,97
consultant,71
associate,62
dean,40
california,71
navigating,17
grade,38
instruction,30
teacher,25
coordinates,40
publisher,18
named,97
40,125
oversees,13
display,64
vice,115
corp,14
adjunct,24
creator,60
suite,124
officer,255
kim,18
spss,34
windows,52
chair,43
st,25
joseph,21
medicine,128
children,48
hospital,36
gene,34
epidemiology,14
assessment,61
brewing,11
journals,23
peer,36
publications,47
handbook,11
british,24
laws,25
govern,12
american,98
philosophical,16
association,81
nikhil,13
faces,78
256,14
corresponds,36
65,24
dimensional,154
inputs,155
exponentially,36
worse,58
rough,13
difficulty,28
1982,14
nonparametric,11
proportional,24
differentiable,14
nutshell,37
relation,44
observe,47
uniformly,15
bins,26
assign,40
bin,45
choosing,79
mental,27
collectively,16
sigmoid,62
wikipedia,90
activation,78
interact,113
relu,96
784,12
tanh,14
64,32
combinations,52
stochastic,69
descent,110
01,98
momentum,31
entropy,40
34,44
91,31
51,41
57,26
variance,156
cifar,12
wise,53
activations,11
norm,19
substantially,29
gradients,54
propagated,11
bias,209
reaching,33
undergraduate,33
weights,242
backpropagation,51
domino,45
popup,12
wednesday,40
featuring,23
salesforce,41
zhang,13
nielsen,16
containers,25
centric,63
workshop,161
plotly,39
adversarial,154
grab,21
seat,16
brightest,19
8th,17
00am,17
00pm,21
pt,79
zurich,19
roberts,15
funding,75
couldn,32
yield,55
performers,11
expensive,109
schools,35
opens,16
discrimination,21
engagement,132
excitement,22
gaining,59
firm,153
sell,70
engaged,26
shouldn,39
pilot,27
piece,94
consuming,68
feedback,135
commitment,22
conduct,52
bucket,21
flight,33
saves,21
extending,17
member,87
josh,37
hemann,14
activision,17
gaming,46
paths,70
blogger,28
cheat,88
sheet,84
closely,84
31,155
06,62
pitfalls,44
"2017
",26
political,77
departments,51
persuasion,18
lift,48
positively,15
treatment,94
covered,105
keynotes,44
eric,79
siegel,61
subscribers,39
$150,39
kdn150,44
presidential,37
porter,13
randomized,22
controlled,35
voters,45
methodological,11
precise,33
choices,73
attack,41
incentive,14
planned,14
purchase,75
bank,112
individual,289
gained,44
thomas,59
alexander,26
miles,18
maximize,82
directed,17
jonathan,19
examine,58
sr,25
aig,12
methodology,88
offer,307
attendee,12
hilton,16
211,32
victoria,30
street,102
santa,79
barbara,30
"93101
",15
jeff,60
ensembles,52
scraping,67
tricks,62
lunch,34
supervised,208
versa,32
hold,71
bust,11
mapping,62
newbies,29
eager,13
understood,69
minimizing,32
expense,17
reuse,26
ends,68
equation,103
describes,72
fits,60
coefficients,50
b1,13
algebra,59
ordinary,22
squares,41
extensively,27
thumb,12
belonging,15
rationale,13
discriminant,13
preferred,35
lda,19
properties,110
discriminate,11
assumes,28
bell,18
tree,216
represents,98
split,145
leaf,20
walking,30
splits,19
broad,110
probabilities,49
conditional,41
valued,23
estimate,103
assumption,59
southern,12
trains,22
develops,96
facing,61
strategies,172
coursework,14
regularly,43
edu,94
sarkar,18
embedding,81
corpora,22
word2vec,64
dense,62
textual,51
embeddings,122
representing,85
sparse,62
bag,49
leveraged,28
cbow,31
skip,72
gram,69
mikolov,15
phrases,28
estimation,30
sentence,94
fox,24
lazy,22
arxiv,118
pdf,89
el,12
family,79
corpus,117
bunch,41
excellent,115
gensim,17
bible,17
delay,24
identifier,15
perceived,22
adversary,14
pad,16
consist,20
centre,29
king,58
earth,41
removal,22
initialized,11
lambda,39
sequence,111
averaged,15
softmax,55
leveraging,83
epoch,29
adjust,45
epochs,27
fair,69
computationally,36
belongs,20
depicted,16
distance,129
shortest,24
euclidean,15
destroy,11
sea,18
law,106
john,208
dream,22
noah,19
springboard,38
writer,31
sports,122
approaching,45
curtis,12
charlie,14
geoffrey,36
extensions,29
generative,153
codes,54
interpretability,53
developments,170
advancements,69
labelled,33
generalization,48
cuda,24
superior,23
invention,13
regularization,74
dropout,30
investigated,13
reinforcement,148
affected,40
gradually,20
adopted,28
algorithmic,64
performances,16
imaging,32
successfully,74
tackled,12
detector,30
incorporated,17
consumer,162
cameras,19
inevitably,15
26,249
27,203
conversation,111
parallelism,37
achieving,52
parallelization,21
fashion,69
overhead,43
cycles,34
sequentially,11
comprise,21
dividing,11
sequential,28
consumed,19
compares,16
versus,76
theoretical,113
formula,53
speedup,14
parallel,123
proportion,18
illustrates,23
compelling,39
investing,53
considers,11
novel,85
owner,51
transforming,61
christmas,12
masters,76
madness,23
criteria,70
m2m,12
gold,77
asset,78
seeking,46
impactful,14
decentralized,11
robots,79
smarter,91
chatbots,70
reply,15
personalized,54
processed,41
varying,37
meanings,17
organic,13
enhanced,24
volumes,79
keywords,19
losing,29
collect,94
channels,56
messenger,12
bots,89
$0,11
promising,61
governing,13
surely,26
shopping,37
exponential,42
lucrative,14
stores,77
backed,30
usual,33
budget,43
customization,14
fraction,44
india,84
clothing,12
brand,96
crawl,24
retailer,12
preference,20
acceptance,27
trillion,17
coffee,20
earned,26
insurance,246
responsive,11
aggressive,11
remotely,12
appliances,11
phones,40
utilized,31
imperative,14
cyber,62
attacks,59
defense,27
contribute,77
gdp,38
accessible,112
pool,63
newest,17
giant,22
thinkers,12
partnered,18
plug,31
customizable,16
enhancing,21
perceive,11
closing,33
prototype,27
ramesh,11
significance,53
integrity,39
650,14
204,11
10am,32
11am,17
venue,19
html,214
enrollment,18
<U+00A9>,56
ahmed,20
gad,16
weak,39
suppose,61
neighbor,35
knn,29
percent,104
acceptable,36
categorized,13
constrained,33
species,22
adapt,56
plane,15
birds,15
fly,31
invented,24
principles,90
survival,37
static,34
fitness,45
oriented,82
classical,45
chromosome,28
genes,15
string,153
mating,11
parents,35
offspring,15
kill,26
drawbacks,18
overcome,64
replacing,29
replacement,20
summarizes,13
zeros,34
ordering,16
encode,15
physical,93
initialization,47
represent,167
initialize,23
threshold,52
crossover,25
mutation,20
generates,56
carrying,12
carried,13
parent,46
half,110
chromosomes,13
encoding,48
recommended,56
smith,35
53,26
springer,31
2003,24
sc,12
july,58
institutes,11
entirely,77
postgres,43
begun,21
demands,39
ingestion,15
velocity,73
400,34
agility,26
devops,61
paas,14
maintaining,45
configurations,22
advancing,39
featured,35
hilary,27
mason,31
residence,16
accel,12
mckinsey,35
brooks,13
ventures,46
frank,14
linux,49
postgresql,29
committer,12
dave,37
joe,24
idc,19
tagging,45
wild,32
karl,13
tel,24
foster,21
chen,17
titled,42
sampled,16
premise,37
curated,42
retrieving,16
supervision,11
inevitable,22
labeling,78
conversely,13
problematic,21
robustness,15
vis,15
abstract,60
joint,33
yahoo,94
entails,18
comparable,13
spotlight,16
simplifying,25
workflows,97
transformations,78
estimator,26
convenience,23
coherent,12
workflow,149
reproducibility,34
persistence,11
pair,43
grid,108
exhaustive,30
documentation,113
gridsearchcv,15
candidates,97
param,11
001,22
specifies,16
grids,15
explored,28
excerpt,28
iris,112
py,71
returned,38
min,48
decrease,37
max,129
42,41
criterion,31
gini,11
reduction,100
hopes,13
bet,22
integer,22
maximum,89
fitting,57
adapted,25
dictionary,83
fed,29
splitting,28
folds,22
module,57
params,25
clf,30
absolute,55
estimators,14
numerous,134
spaces,30
mix,61
directions,28
continued,44
productivity,76
progress,160
mentoring,17
formal,37
intern,17
responsibility,36
responsibilities,28
reviews,174
operate,71
direction,150
serving,28
advocate,14
advancement,25
somebody,18
boss,21
plenty,45
initiative,118
pointers,12
leaving,50
snippets,20
tight,16
disciplines,56
understandable,27
embrace,50
satisfaction,70
possibilities,55
finished,35
transition,64
textbook,37
charu,11
aggarwal,18
vip,16
harness,31
ensure,162
preferences,51
stuff,80
sam,16
hone,12
knew,41
union,32
square,71
providing,218
urban,29
likewise,19
compose,12
uniform,23
independently,31
interoperability,31
exchange,60
format,181
wsn,30
extension,40
implementations,93
geospatial,11
consortium,14
emerged,32
accessing,27
utilizing,33
protocols,16
registry,18
directory,49
locations,66
formats,61
interpretable,45
manner,83
handling,46
subscriptions,11
receiving,28
measurement,70
phenomena,23
prominent,52
xml,41
conceptual,32
publishing,53
acquisitions,81
notification,18
enhancement,11
annotations,17
descriptions,57
eu,30
annotation,19
references,66
ontology,26
expressive,12
addressing,43
ecosystems,26
alliance,20
funded,36
aimed,41
unlocking,22
expose,28
strata,142
advantages,85
hurdle,18
encounter,28
mile,15
bing,31
mllib,45
jvm,12
restricted,27
predefined,23
marketplace,42
letting,14
tie,19
strengths,29
fire,31
canvas,12
block,95
drag,27
phases,39
webcasts,56
ptnoon,37
pt4,47
framing,17
argument,58
briefing,30
robin,34
bloor,27
pt1,92
jmp,24
pro,45
europe,94
teradata,42
pt11,56
audience,128
ontotext,37
pt2,64
eliminating,27
hortonworks,47
lavastorm,20
tibco,35
89,22
jean,22
francois,16
sheets,52
primer,46
carlos,29
perez,20
arima,40
puzzle,38
sweet,16
spot,59
radically,28
dataquest,22
ceos,17
pervasive,24
files,202
routine,18
eda,32
attractive,24
feeding,23
cleaned,18
matplotlib,60
manipulating,17
dive,77
modules,53
numerical,104
scenarios,79
anaconda,86
conda,40
execute,75
mac,35
easiest,29
imdb,26
2000s,14
ratings,69
earnings,23
importing,21
dataframes,87
title,122
genres,11
rating,89
ratio,66
gross,27
actor,27
cast,22
votes,63
ages,15
nan,148
rated,29
123,12
33,69
81,20
108,13
48,45
fi,21
german,28
germany,46
col,17
property,47
harry,12
102,15
2000,143
37,36
82,24
uk,143
106,11
35,75
proposition,14
78,15
ben,49
56,31
checking,49
append,33
parse,26
convenient,42
loaded,33
displays,18
war,41
tv,34
00,75
australia,80
heights,12
yu,16
japanese,14
japan,15
sorted,34
dtype,14
plotting,46
hist,14
inception,34
democracy,21
civic,16
minded,14
varied,24
assemble,17
toolkit,59
technological,54
nick,19
friends,60
holding,31
weekend,35
hackathon,18
friendly,50
matt,43
dollars,55
constructing,25
shiny,45
regions,48
crime,72
philadelphia,13
roadmap,40
sean,18
partially,20
derivative,20
election,48
transparency,60
scott,27
chris,64
demographics,18
journalism,14
ryan,23
scraper,21
navigate,31
messy,35
tackling,24
los,20
angeles,18
polling,18
clinton,18
acm,88
philip,14
illinois,22
spatial,43
kdd,131
infrastructures,23
exploiting,12
massively,25
encourages,14
encourage,47
reflect,42
editors,15
hong,33
kong,31
cornell,12
george,34
chinese,41
ravi,16
kumar,12
li,46
sun,21
wang,30
wu,11
sigkdd,52
awards,38
nominations,19
ms,68
landing,16
meantime,11
fresh,43
balls,18
nasa,28
explorer,13
incidents,14
demonstrates,25
layout,34
bootstrap,18
climate,141
greg,11
streets,15
vehicle,53
combine,111
measuring,76
mri,11
prize,70
freelance,18
participants,116
pose,12
graphics,72
attending,38
odsc,37
accelerate,70
raise,47
fund,67
contributors,123
pig,34
d3,41
hosting,30
covering,73
playbook,11
algorithmia,49
readme,41
init,21
md,20
ipython,58
contents,52
repositories,43
stars,99
css,17
retrieve,18
scraped,13
repository,117
ended,56
remaining,45
root,48
nltk,36
recommending,15
vectorized,25
grams,30
headers,17
paragraphs,12
characters,81
tf,183
idf,32
hashing,12
weren,18
benchmarking,20
repeated,27
aggregate,36
passive,12
multinomial,12
centroid,47
picked,19
squared,67
evaluates,16
decent,28
correlate,17
tested,51
initially,46
native,69
extracting,68
meaningful,112
glove,29
fasttext,12
advent,23
frequencies,12
inverse,25
inherent,57
nearby,12
identifiers,25
semantically,15
characterized,12
systematic,41
latent,32
downstream,21
documents,120
array,141
blue,121
breakfast,34
ham,15
silos,28
infinite,37
emerge,31
savings,48
"now
",12
kayla,12
bytes,18
foundational,31
cash,19
pc,17
studio,57
fee,20
useless,31
rely,89
complimentary,20
solid,90
loads,18
badges,27
unlock,20
grouping,23
boxes,48
cran,20
chapters,29
depend,56
solely,26
plethora,15
exists,49
suddenly,16
electronic,49
shah,14
pacific,33
amazing,115
neuralnetwork,12
elasticsearch,42
dummies,19
fortune,33
governance,116
catalyst,20
pain,32
expansion,21
footprint,15
born,39
prospective,14
hub,31
gathering,46
approached,13
equipped,18
q4,54
establishing,29
challenged,16
bottlenecks,11
pertinent,15
consistently,29
enhancements,16
cio,11
jason,26
bloomberg,30
driver,51
masses,17
expanding,30
bangalore,13
london,208
buzz,24
fung,26
capable,81
adapting,20
responses,68
unprecedented,31
exploit,31
denmark,12
adrian,14
dk,11
committee,25
bootcamps,32
meetups,40
simplilearn,52
outlier,40
distant,17
variability,23
indicate,45
excluded,14
anomalous,18
univariate,16
minkowski,11
reduces,50
contribution,42
outside,111
treat,52
upper,34
detected,18
consequence,22
plotted,23
targets,32
lists,80
stands,26
notably,23
raises,64
complementary,15
trick,37
rethinking,12
angoss,54
phil,13
jack,18
iia,17
spotfire,14
opentext,29
sqrrl,13
platfora,27
1911,17
jointly,20
paul,36
lityx,19
confused,32
lengthy,11
tokens,46
tokenization,26
stemming,20
beautifulsoup,19
singular,18
converting,37
loosely,15
argue,49
json,62
assembly,23
fuzzy,19
parsing,30
expressions,66
double,54
brackets,11
anymore,26
dinner,23
restaurant,12
indiana,12
wars,39
strings,41
tokenized,11
sentences,64
appropriately,21
referred,38
lexical,13
reserved,41
punctuation,12
puts,30
proceed,17
distinct,55
lemmatization,14
thousand,56
return,210
bold,11
verify,22
chinahr,11
china,52
recruitment,40
asia,62
2005,41
charge,24
beijing,12
postings,20
cvs,12
entity,64
frequently,100
seekers,18
employers,65
ls,11
characterize,14
employment,30
empirically,12
profile,82
mathematically,29
1997,20
accumulated,12
behaviour,39
q9,37
arena,34
greatest,55
q10,33
qualities,33
interviewing,34
q11,26
gan,53
composed,41
discriminator,78
poses,11
gans,85
biologically,11
bread,13
walk,77
impractical,13
ideally,32
properly,68
healthy,29
readings,21
transforms,26
classifies,15
procedure,53
confusing,26
=>,30
song,31
listen,33
listening,20
skilled,40
songs,23
played,38
reactions,14
similarities,26
coach,22
sparring,11
round,60
studying,45
accordingly,36
footage,27
movement,53
rounds,17
rounded,12
compete,36
converge,26
quora,62
openings,16
weaknesses,17
opponent,11
behave,28
hiding,12
occurring,19
license,35
competes,16
discarded,14
vanilla,22
changer,16
intersection,36
holistic,17
constant,86
fight,40
symptoms,19
concussion,14
h2o,145
incredible,47
translation,104
safety,72
anybody,14
utility,58
census,27
interestingly,15
cold,25
ma,133
jose,76
melbourne,22
west,47
il,42
singapore,87
tdwi,99
ny,102
gartner,266
nv,28
pa,31
clara,43
linguistics,24
3rd,58
int,77
conf,30
beer,55
israel,29
alteryx,34
inspire,24
spain,28
aug,54
south,38
sep,64
oct,69
specializes,15
mo,14
metis,28
partnership,39
counter,26
preventing,29
payments,17
prevention,24
payment,33
card,65
derive,48
instructors,45
intensive,59
monday,22
sourcing,23
tuesday,37
1105,13
ave,12
info,55
rights,92
"reserved
",19
cards,16
surge,11
bulk,22
grows,36
affects,27
enforcement,26
pressing,17
elections,31
terrorism,24
ill,14
boost,61
guessing,13
universally,11
prevent,74
commonplace,14
forecasts,34
shortage,32
140,13
hottest,42
targeting,42
serves,43
endless,22
critically,16
junk,22
mashable,21
viral,32
explosion,36
shipping,14
ups,25
drivers,63
passenger,25
diagnostic,21
die,40
nonprofits,17
inspect,20
shell,35
screening,27
failing,34
paypal,22
scan,17
probable,11
fico,41
monitor,58
parole,12
thoroughly,11
fourth,33
voter,11
fuel,40
candidate,93
visible,33
doors,13
mapr,78
gdpr,92
illegal,28
ilan,12
reinstein,12
cia,11
mighty,13
pretending,28
genius,31
multiscale,21
catboost,22
gbm,19
gainers,62
losers,65
quadrant,124
functional,103
sides,28
inspiring,27
07,49
rick,16
steve,26
feelings,14
realm,28
host,71
countless,20
traction,12
condition,47
connectivity,35
virtually,29
prone,14
decade,100
requiring,35
remained,26
fails,26
wheel,14
evolved,47
stated,34
frustrating,18
lightweight,15
swiss,12
games,173
curl,18
downloads,15
pivot,20
gone,54
reader,49
lightning,12
worrying,14
promise,60
providers,70
harnessing,29
pitch,24
buzzwords,18
notion,57
employing,25
garbage,21
circumstances,30
flexibility,80
consequently,17
fifth,22
telling,38
cuts,14
noting,14
purely,25
phrase,32
contexts,23
forefront,22
feeds,38
communications,44
trading,59
undoubtedly,13
sexy,15
patents,16
proprietary,52
indexing,32
east,48
invest,72
improvements,82
decreased,14
magical,15
yielding,13
promises,29
unbiased,23
oversight,11
neuralnetworks,22
brands,81
vote,63
cbinsights,13
miner,58
andy,17
concentrate,11
misleading,32
occurrences,13
imbalanced,16
shop,24
98,24
buckets,13
spike,21
scored,24
drew,16
hypothetical,11
97,15
flaws,78
shoot,13
onsite,14
denial,11
myth,15
grant,44
marshall,27
crn,39
alpine,27
shares,78
integrates,27
ayasdi,40
topological,44
palo,37
alto,37
2004,31
continuum,32
austin,47
tx,31
datameer,17
mateo,21
datarpm,16
va,24
realtime,39
disparate,36
crm,39
mountain,43
2006,34
flagship,12
1975,12
cambridge,60
park,34
knime,76
perspectives,39
switzerland,14
dashboards,85
looker,68
corner,26
collects,15
palantir,14
visually,32
1993,22
columnar,32
predixion,24
qlik,14
qlikview,29
sap,125
remains,84
1976,12
nc,12
aviv,17
splunk,12
browsers,12
clearstory,23
pentaho,15
exception,27
newer,41
bubble,40
revealing,15
fundamentally,29
functioning,21
mechanism,44
impacted,22
redefining,12
incorporating,28
clever,32
quest,52
doubt,56
dna,29
wealth,28
formatted,18
participating,29
actors,25
emphasize,19
notions,12
collaborating,12
inherently,20
interconnected,17
specialization,36
domains,104
involvement,17
wired,17
monte,20
carlo,21
valuation,13
unclear,17
extends,13
atari,25
agent,120
literature,29
deterministic,20
disappointment,11
grand,27
announcements,19
eigenfaces,15
dating,33
unnecessary,36
schmidhuber,26
accepting,12
est,29
reputation,19
crawling,20
obtaining,16
crawler,21
packaged,15
customized,30
disadvantage,13
finite,12
archive,25
eliminated,17
shades,14
batteries,18
techreview,11
sees,22
granted,19
adams,11
cs,45
nips,51
pillars,19
yoshua,38
bengio,48
expressed,39
confidence,116
symbol,12
symbols,14
connection,57
composition,37
convincing,21
iclr,31
reviewers,21
newcomers,25
xia,13
agriculture,13
biology,34
genomics,37
protein,20
australian,14
canadian,17
noaa,15
worldwide,93
urls,12
citation,13
citations,22
uci,12
steven,21
100k,11
wireless,19
ucsd,35
provalis,18
wordstat,21
stata,22
uncommon,12
psychology,40
determining,43
categorization,16
comparative,21
automatic,94
leverages,23
themes,28
collections,28
academics,29
competitions,110
singularity,35
wiggins,13
nytimes,15
utah,13
disney,12
reflection,11
postdoc,14
"2015
",34
scry,11
1980s,18
1990s,17
67,32
1950,21
resurgence,12
1983,16
rivaling,15
pioneering,21
steam,12
fear,46
43,34
realized,41
cheaper,23
58,23
differentiate,26
checked,18
unlabeled,18
59,26
bought,57
cohorts,35
arbitrarily,11
closest,30
centroids,40
converges,11
iterations,57
rl,86
analogous,18
entered,25
food,70
simulated,26
optimizes,23
minsky,20
strength,45
synaptic,11
perceptron,39
perceptrons,15
neuron,87
signals,56
anns,20
igor,14
colleagues,57
boolean,14
63,18
cnns,34
rnns,49
1974,11
52,46
feedforward,13
arbitrary,36
onset,14
lstm,65
lstms,13
mitigate,22
grammar,29
homology,11
treating,18
109,13
distribute,21
loops,17
mapreduce,78
68,12
resilient,12
reduced,67
gigabytes,14
seemingly,60
communicated,18
72,32
73,23
spreadsheets,22
td,18
alan,16
turing,38
defeated,13
champion,37
1994,11
doctors,19
mars,19
79,20
late,71
theories,29
probabilistic,75
assigning,20
83,16
engines,65
87,41
demonstration,20
checks,26
estimated,55
1990,16
93,15
pace,78
2118,16
royal,14
sydney,38
efficiencies,19
presenters,15
centers,63
mature,25
legacy,40
hierarchy,18
caution,16
margin,31
meeting,52
returns,74
logical,54
terabytes,25
moore,31
anytime,20
justify,16
spreadsheet,27
tens,30
proven,45
showcase,33
pricing,118
quarterly,11
portfolio,63
frauds,11
approximation,16
facts,34
judgment,19
existence,29
negatively,11
workplace,24
politics,31
ui,33
iv,28
trevor,21
hastie,41
tibshirani,34
cox,13
ridge,35
lasso,38
spectral,14
overlap,26
selling,47
friedman,16
lectures,39
martin,27
stat,13
enhance,63
credentials,14
invite,24
offered,83
penn,29
compliance,44
outreach,13
800,29
toll,11
128,12
employer,41
committed,22
minorities,14
protected,21
wc,16
rewards,39
cumulative,11
reward,57
operates,33
eat,20
receives,18
eating,16
killed,14
maximizing,27
dynamics,29
differ,37
discrete,39
ancient,13
robotic,24
summarization,12
agents,68
father,29
sutton,11
draft,13
berkeley,97
andrej,14
karpathy,17
3d,36
gym,11
38,26
iapa,15
organisations,24
mike,67
telecom,17
adam,36
booking,21
northwestern,42
distinguished,33
seasoned,16
earning,12
15th,12
admissions,18
satisfying,18
guy,17
boring,19
queen,15
guessed,13
redundant,24
zachary,33
lipton,31
relies,28
debt,42
relating,11
loan,16
precisely,50
sustainable,14
boundaries,28
isolate,12
intrinsic,19
render,20
phenomenon,47
autoencoders,29
factorization,18
implements,21
variants,20
subtle,21
branch,33
bugs,20
compile,16
bug,17
capital,110
reliance,14
vulnerability,16
tone,15
frustration,12
unifying,13
protection,49
encountered,28
biomedical,42
informatics,64
interned,11
compatible,35
geoff,32
stellar,14
heading,15
abbott,31
elder,52
robinson,14
tamir,11
mega,30
udemy,42
creators,32
kirill,12
eremenko,12
ocean,14
coupon,14
driverless,22
heatmap,15
frontier,25
sufficiently,23
physicians,15
passengers,14
automaker,18
loyalty,22
willing,45
thin,11
automotive,24
automakers,13
gm,16
mobility,30
disrupt,11
rigor,15
differing,11
ownership,25
replaced,27
navigation,16
parking,11
repair,11
intermediate,44
ford,12
experimenting,20
complement,17
efficiency,107
infer,40
calendar,15
combining,76
rides,12
importantly,78
airline,21
fueled,11
synthesis,14
dfs,18
ieee,83
airplane,14
flights,18
delays,13
primitives,25
fraudulent,36
stacking,37
enumerate,17
september,53
aspiring,61
prospects,31
apparent,26
outcome,140
confident,35
baseline,60
matrices,50
percentile,11
leaderboard,31
colored,15
behaviors,25
incorrectly,19
blocked,11
multiplication,43
mapped,13
accessibility,26
renowned,26
holy,13
automl,58
cincinnati,12
blending,11
hack,24
guided,26
ide,21
firms,117
possibly,62
democratization,28
crunch,17
intimidating,24
citizens,26
strictly,18
mandate,11
graduates,23
degrees,61
ranks,19
miners,21
armed,12
mart,15
artifacts,14
datarobot,72
brad,17
gen,18
myriad,23
thrown,14
baseball,17
scrape,29
glassdoor,37
applicants,20
cardinality,11
intervals,26
l1,36
l2,25
qda,11
minima,20
attempting,26
edges,40
followers,44
serialization,16
rdds,12
equations,27
height,54
calculates,12
calculations,63
adds,62
111,14
accepts,20
element,82
arrays,70
opposite,48
tab,20
backwards,13
merge,25
clustered,21
indexes,18
throughput,19
lying,11
modification,16
corinium,14
north,54
tangible,19
inquiries,11
manipulate,31
monetize,21
mr,41
revolutionary,13
behavioral,50
micro,29
hbase,61
expecting,19
monetizing,19
road,50
basketball,28
athletes,29
sport,46
definitive,15
playlist,14
hdfs,74
yarn,24
transitioning,13
recruiters,25
decline,28
feels,26
young,49
tall,11
hunting,11
anonymous,26
anonymization,27
protect,48
preserving,14
standalone,14
thesis,18
limits,35
anonymized,26
cybersecurity,30
ensuring,60
crack,14
taxi,35
freedom,22
pickup,19
glance,18
flags,12
celebrities,11
exposed,35
tipping,14
reproduced,12
wife,18
accompanying,22
datetime,31
>=,11
<=,34
mask,29
generalized,44
protecting,12
forced,16
termed,11
quasi,20
preserve,21
generalize,39
guarantees,22
cares,12
delve,18
attempted,26
dynamically,12
visibility,24
abstraction,57
engineered,22
journalists,22
founders,21
corporation,36
bs,23
episode,26
william,44
ronald,20
fisher,20
wear,13
distill,17
vacation,15
sat,11
hood,27
apart,51
internally,20
sci,13
axis,86
relevance,26
multiply,20
en,31
beach,12
traveling,17
intuitively,21
smartest,11
pckdng,19
gmail,19
chrome,16
recorded,45
timeline,29
optional,28
overwhelming,33
visiting,16
clark,15
goodfellow,35
aaron,18
lisa,12
theano,119
wisdom,26
observational,37
technically,33
weird,32
pwc,11
thrive,13
firstly,17
secondly,18
stacks,19
plant,12
continuously,47
party,70
speeding,11
factory,37
floor,25
sigma,17
iterative,48
treasure,14
income,95
23rd,11
ps,17
"us
",18
supercomputers,11
baidu,44
minwa,11
jeb,13
bush,14
notch,13
favio,18
companion,14
contributing,38
closed,72
tda,30
luckily,23
digest,22
nn,32
separates,14
circles,33
leaky,11
residual,25
multilevel,12
hierarchies,12
measured,76
conceptually,11
pretrained,13
fellows,15
configured,16
convergence,40
img,34
lesser,17
linearly,11
mini,20
stops,12
lowest,30
arises,11
saddle,11
derivatives,28
axes,24
lr,31
warm,12
cosine,27
converged,15
aside,38
augmentation,18
10x,17
touched,11
configure,11
discriminative,17
requirement,36
v2,18
julia,48
revenues,21
christopher,21
morgan,16
gas,44
christian,17
informationweek,13
randal,15
jake,13
density,37
uc,70
authored,31
wider,43
udacity,29
edx,13
undertaken,11
png,18
rendering,14
chip,24
cpu,72
computations,34
arithmetic,21
sp,12
cpus,27
fpgas,27
opencv,14
kit,22
cudnn,23
stephen,30
guru,28
afternoon,11
breakout,11
aot,28
patience,12
pursuing,21
wonderful,30
meaningless,12
db,23
airport,12
filtered,11
standardization,23
protocol,15
hurdles,12
fulfill,19
entering,21
mainstream,39
orange,52
weka,17
mahout,36
lua,15
yellow,28
caffe,51
jl,15
ocr,12
breeze,21
compromise,13
caret,15
bst,12
glm,11
demanded,12
ex,38
anthony,33
regulators,17
tracker,16
institution,27
fears,13
legitimate,18
insurers,11
desirable,16
discovering,34
nonlinear,30
thomson,13
reuters,14
opening,29
syntactic,16
worthy,20
empowering,18
female,55
appearance,16
societal,18
wave,64
homes,19
illness,13
diagnose,14
generations,16
letters,18
alignment,20
matei,20
zaharia,21
jordan,16
slide,49
alpha,35
anderson,29
disaster,22
marathon,11
crisis,25
rob,16
takeaways,24
impressions,16
lorica,20
fairness,22
fixing,22
accountability,21
associations,29
inspection,24
retraining,11
strict,14
graphic,21
roll,21
cope,12
policing,32
discounts,28
alumni,28
till,16
served,42
svp,12
vmware,12
dell,62
gravity,18
likelihood,48
attracted,21
closer,73
consideration,30
riak,14
compatibility,15
cache,31
monetization,23
250,26
unreliable,12
q12,18
admit,18
steep,12
ramp,15
frames,31
sake,20
seamless,20
venture,57
trace,12
900,13
commercially,12
nns,11
chains,39
successive,12
cap,13
smallest,17
imply,23
maximal,11
yielded,13
learnt,21
infographic,32
rodeo,37
yhat,26
scipy,29
rstudio,34
paint,12
"analysis
",13
kd,15
utilise,12
hasn,24
visualisation,17
motion,19
relates,27
webpage,26
portal,17
95,55
ac,18
optimisation,24
threats,19
wharton,24
wcai,14
gary,25
magazine,30
eye,61
recruiter,19
resume,114
approximately,40
repeatable,19
afraid,20
screen,39
releases,19
partly,22
landmark,13
designs,37
modes,13
strange,22
randomization,13
holdout,49
educate,14
dangers,13
validity,35
overcoming,20
resolution,64
thuy,20
pham,25
sorting,19
scheme,22
calculation,34
voting,48
accepted,45
clue,14
thank,34
winners,40
bagging,22
stability,22
learners,54
dominant,21
drawback,15
elbow,14
silhouette,17
verification,21
eventual,11
angle,14
separation,22
promo,16
$100,21
catalog,14
$5,12
familiarity,21
bachelor,20
credits,19
completing,16
leo,11
dremio,11
arrow,37
frustrated,13
connects,23
historically,19
bandwidth,13
geometry,21
pan,16
hits,13
nicely,15
optimizations,49
disk,44
parquet,32
dramatic,20
ingest,21
snippet,15
port,13
bitcoin,39
competencies,16
resulted,26
reactive,17
fivethirtyeight,15
mentors,14
rigorous,30
cisco,20
tuition,26
sweden,25
stockholm,11
americas,21
island,13
anacondacon,13
qcon,11
fintech,14
5th,28
atlanta,24
informs,41
ab,26
dubai,14
festival,15
expo,15
congress,15
18th,15
iowa,15
6th,19
berlin,30
amsterdam,19
netherlands,20
icdm,27
icml,16
western,13
10th,19
october,46
barcelona,11
fl,12
dev,50
ops,54
bureau,19
cdo,30
federal,24
accommodate,13
lp,13
terabyte,13
daughter,17
>>,84
<<,32
mystified,12
initiate,14
upside,14
intangible,15
cryptic,13
immeasurable,14
mystifying,12
avoidable,13
participant,26
polls,48
insist,17
incentives,22
agi,60
felt,27
agreed,17
possess,18
rethink,13
sensible,15
viewer,14
mouse,12
marcus,12
machinery,18
moments,11
arguments,40
throw,19
revolutionize,24
incorrect,22
commenting,11
pioneers,22
symbolic,21
nations,14
laid,14
fiction,15
elon,11
investor,33
taxonomy,11
formation,16
indicators,43
connectors,11
connector,12
accenture,26
upgrade,18
premium,20
lifetime,53
ltv,34
$1,57
acknowledge,13
advisory,33
logistics,17
goods,26
crop,11
memorial,12
sloan,12
hana,27
burden,13
ed,17
gp,57
deviations,19
quantify,23
strive,24
tightly,15
f1,44
formally,14
minimizes,15
ordinal,14
disagree,16
classifications,17
suffice,14
shuffle,11
decides,15
ambiguity,16
obstacles,29
competing,34
macro,12
weighted,54
honest,22
optimally,11
informative,49
abused,13
faq,14
webcast,25
placed,48
quadrants,15
completeness,26
mq,41
challengers,15
visionaries,27
arrows,23
origin,26
weaker,11
pays,15
verticals,29
statistica,20
visionary,22
absence,12
salford,48
inclusion,26
sellers,12
populations,14
anti,23
religion,14
bother,11
dot,41
def,85
sepal,27
cm,32
width,90
petal,44
pseudocode,11
promised,12
sharding,34
night,31
newspaper,15
ice,17
liu,18
leaves,27
artificially,13
colaboratory,12
alter,11
authorization,16
null,48
url,83
echo,18
mount,12
wget,17
genetics,17
virginia,17
philosopher,11
mastery,13
kaiser,28
spoken,12
ajit,18
jaokar,13
crest,15
johnson,24
leek,14
roger,20
gil,11
warranty,11
contracts,13
simulate,18
chosen,59
scheduling,23
innovators,39
affiliated,11
illustrated,31
textbooks,22
facilitates,13
provisioning,12
billing,11
subsequently,20
expenses,15
accelerated,21
ec2,11
middleware,12
clouds,31
owned,11
transport,17
emergence,18
characteristic,23
wearable,30
nicholas,26
tidy,30
hadley,14
wickham,17
beers,17
brewery,19
leap,20
pub,11
cup,38
sex,25
alcohol,13
floating,20
integers,11
printed,11
tidying,14
dull,12
iii,33
mathematicians,21
booz,19
allen,39
hamilton,17
"here
",33
prof,38
globally,20
solar,15
aggregates,12
interventions,17
injury,28
empirical,50
badge,12
skepticism,12
catching,12
claiming,14
forcing,11
dots,25
barriers,24
hacking,27
analytically,11
cognition,37
savvy,36
offline,29
translating,19
battery,15
benchmarks,30
samsung,21
outlook,17
shelf,24
mba,42
drill,39
erroneous,17
soccer,13
ball,40
abstractions,16
declarative,17
dunning,12
overlooked,20
pst,15
tooling,12
packaging,13
apm,13
accounting,27
modifications,17
comprehension,12
anomalies,60
ins,13
excessive,14
partial,36
defects,11
securing,16
abnormal,17
button,38
bigcloud,14
theme,27
skillset,16
immediate,31
sit,22
monitors,12
quantity,27
layman,13
advocates,14
breed,13
zhu,12
photographs,13
geometric,25
<U+2192>,41
uploading,19
hackers,22
isolation,12
turned,57
compression,21
administrators,12
gap,78
interpreting,20
pursue,27
bernard,17
marr,16
supercomputer,12
hpc,20
aiming,16
brian,34
integral,25
twice,35
invests,11
presumably,12
considerations,38
experiencing,16
allocated,11
assist,32
hardly,15
maker,16
peak,22
bottleneck,14
bus,12
expects,12
flows,22
locate,11
killer,12
carriers,16
incorporate,45
rolling,25
nexus,30
fc,35
ltd,29
registered,47
england,18
strides,12
plain,32
waiting,30
c4,19
pagerank,21
cart,16
blood,21
pressure,41
wondering,27
ranges,14
incomplete,27
arguably,18
checkout,15
hyperplane,21
threads,11
lindy,14
heuristic,16
aging,11
reverse,27
indicator,32
bodies,13
dilbert,15
alike,31
biometrics,23
facilities,18
outline,13
underfitting,11
treenet,11
ratios,12
acts,24
recipes,17
nyt,15
convnets,21
emetrics,31
glean,14
pursuit,23
lottery,25
conjunction,15
founding,26
massachusetts,13
enroll,18
arno,30
candel,24
physicist,13
skytree,15
cern,13
particle,16
simulations,11
accelerators,22
outstanding,34
baby,32
strands,18
profoundly,11
strengthen,15
occurrence,14
collapse,11
token,23
apples,29
bigrams,12
denote,16
meal,19
cream,13
sdsc,12
flash,16
comet,12
dataiku,38
olympic,23
moreau,22
usoc,30
chiropractic,12
physician,11
colorado,21
editorial,17
centricity,11
respond,42
athlete,15
invested,46
nutrition,12
predictor,64
optical,11
sf,19
football,25
"analytics
",11
existed,20
consult,14
guo,17
chollet,19
outlines,22
blueprint,11
simplified,44
tweaking,11
iteratively,14
bases,18
ebook,32
databricks,97
13th,13
logo,14
trademarks,17
seasonal,29
utilities,20
funds,30
bioinformatics,23
impacting,16
disclaimer,14
calculus,27
backprop,14
asks,20
compensated,12
compilation,15
doug,24
alistair,12
radio,22
dnn,14
bars,36
nguyen,11
obsolete,15
publishers,14
broadly,28
adequate,11
weighting,19
child,59
affecting,13
signing,13
nj,22
forgotten,12
stakeholder,14
suggesting,23
positioning,11
zone,25
signed,12
bokeh,36
"python
",13
edward,18
kirk,26
borne,26
miller,16
tamr,39
shapiro,18
srivas,16
summits,33
discourse,13
biased,44
responded,14
vectorizer,11
tfidf,11
unfamiliar,17
terminology,22
politicians,14
intercept,12
combat,21
distinction,21
disposal,20
snow,14
wind,44
satellite,14
dump,23
viewers,11
fill,58
farms,11
displaying,14
projections,13
prototypes,11
capacities,17
upv,15
harrison,11
microservices,18
hesitate,16
stonebraker,20
merging,14
vertica,12
curation,20
techcon,12
mario,13
favor,17
substitute,11
friction,13
rock,36
akmaev,14
berg,27
diagnostics,20
molecular,13
sa,16
longitudinal,17
pharma,17
qualifications,12
bright,14
devin,13
gist,20
distances,18
practitioner,36
keen,16
ministry,11
engage,46
offices,12
pop,43
neighborhood,12
casual,21
jupyterhub,16
dialogue,28
beta,47
extensible,14
reproducing,19
narratives,11
crowd,29
kernels,19
141,11
ignite,12
gridgain,20
van,26
2810,12
roundtable,14
blame,12
octave,12
joy,14
mid,27
impressed,12
recruit,11
takeaway,21
gaps,23
essentials,16
learner,30
kids,15
portugal,14
doc,25
structural,38
seth,25
grimes,18
technologist,17
submitting,13
organizer,14
arizona,12
llc,17
halliburton,12
construction,33
entertainment,34
dir,17
lasting,20
suit,12
conversations,61
>>>,15
facilitating,12
coriniumintelligence,13
nomination,18
dissertation,19
04,59
prime,12
forever,14
attitudes,11
comparisons,18
predictable,17
41,45
interviews,58
episodes,18
patrick,18
49,29
viewing,12
appealing,14
possibility,36
stake,13
onalytica,14
influencer,17
36,45
rand,11
xavier,17
amatriain,12
dato,11
enlarge,14
discoveries,17
"science
",11
forces,17
contributes,14
ought,19
worlds,20
schedules,12
camp,17
ie,24
h20,21
architecting,12
capturing,24
ip,31
telecoms,12
priors,14
optimise,13
convolutions,23
fruit,12
correction,15
justified,12
intention,13
1960s,13
skeptical,23
1950s,11
uncertainty,43
nando,12
freitas,24
mlaas,11
curves,36
practically,14
saturated,11
shifting,17
borderline,11
txt,73
french,36
randomness,18
officers,17
appearing,16
quicker,23
caught,25
differentiation,30
crowdsourcing,41
openly,13
competitor,23
needing,17
siloed,11
theft,15
finish,27
practicing,23
pushing,26
competency,12
prototyping,22
certifications,12
academy,38
contract,16
yesterday,17
2001,21
recipient,15
inequality,11
specification,18
sells,15
mere,20
summaries,29
shifts,16
acquiring,23
dsx,13
premises,17
seldom,12
editing,12
mixing,12
producers,11
altered,15
carbon,15
genre,23
aforementioned,12
shooting,14
epic,12
marks,17
film,15
approximations,13
visuals,20
globe,22
witness,31
vi,11
convolution,46
stride,26
administrator,17
representatives,12
specialist,26
secondary,24
electrical,20
detectors,15
administration,29
typing,21
sending,28
cleaner,11
surprises,11
officially,12
indico,20
subjective,23
openness,11
attitude,12
tensorboard,24
interactively,13
unix,18
slim,13
tensors,24
documented,24
quirks,15
batches,21
authoritative,11
kochhar,11
coco,11
config,16
bounding,38
rcnn,22
num,92
priya,13
10+,11
loves,28
aesthetics,16
judging,11
immigration,19
narrative,41
se,12
africa,31
americans,27
ban,47
sentiments,17
specializing,13
chemical,22
airlines,40
schmarzo,27
emc,59
prestigious,11
exceptional,13
lineup,13
kuhn,14
nl,11
ucla,12
caption,18
indicating,15
sgd,38
vince,12
novelty,13
suspect,21
door,21
mexico,24
spare,15
raffle,14
norvig,15
stacked,22
keyword,15
marketplaces,15
mae,21
rmse,64
r<U+00B2>,24
adjusted,44
explanatory,11
clarify,14
cons,34
misconception,13
elt,15
bak,16
pushed,12
eliminates,12
enjoys,24
keys,28
v1,11
mesos,13
graphx,11
horizontally,12
quant,28
limiting,19
reviewing,15
prioritizing,12
boys,11
pooling,46
premier,33
eeg,18
quotes,15
beings,14
directors,12
39,38
russell,25
walker,15
harris,12
andreas,14
modelers,12
propensity,83
priyadarshy,15
colleen,13
farrelly,16
na<U+00EF>ve,15
persistent,22
morse,11
spread,52
slideshare,28
bridging,12
geisinger,19
redshift,30
hardest,18
mysql,20
db2,12
hate,13
petabytes,13
fees,19
prompted,11
bollen,15
champagne,12
coin,37
upward,11
affordable,15
transformative,13
arrival,14
powerpoint,11
hitachi,17
vantara,12
tm,11
wikibon,11
steel,19
russia,12
chemistry,13
preliminary,13
necessity,17
harm,18
toolkits,19
strategist,15
bridge,38
decoding,12
evangelist,22
warming,23
intend,11
dioxide,11
co2,25
greenhouse,17
concentration,11
verifying,12
ce,19
pie,22
proportions,12
scatter,44
electoral,20
circle,37
constraint,24
pursuits,11
rid,16
surveyed,15
diagrams,20
93101,11
"by
",18
marketer,11
messaging,16
variant,21
notifications,17
ctr,19
calculator,19
evening,16
efficacy,11
oranges,13
bigquery,52
hosts,16
sh,21
$day,14
$table,12
compressed,15
modest,11
contemporary,14
jane,11
cntk,54
mxnet,57
administrative,17
fabric,14
houses,18
foot,19
justin,14
encouraged,25
facial,33
converts,13
conflict,15
unreasonable,13
terror,11
imagination,12
reject,25
whitepaper,22
identity,34
vulnerable,11
losses,19
damage,12
jh,19
statistic,23
jeffrey,16
inferences,25
emotional,15
animals,11
odd,17
ignoring,20
recipe,31
kasik,11
prizes,18
launches,24
dpatil,11
dataviz,30
oliver,11
bound,24
stress,33
delta,11
annually,14
drink,12
seminal,12
tennis,19
switch,22
kobielus,12
lock,13
gualtieri,12
align,17
ingredients,23
na,77
military,20
stocks,17
latin,16
cooperation,16
comprises,11
authentication,14
container,52
downside,12
literacy,24
texas,14
gadgets,11
wearables,15
incubator,44
fans,12
fellowship,22
phds,13
hoping,21
ads,60
declared,12
stable,33
proficient,20
filling,21
releasing,14
2025,12
variational,14
encoders,11
spots,15
lifestyle,14
limitation,11
catches,16
wrappers,21
ridiculous,13
extraordinary,13
1956,14
1973,13
exceeds,12
1970s,17
hospitals,23
fell,13
117,12
copies,11
doctor,22
cleansing,12
outsourcing,28
malicious,29
accidents,13
malware,16
dollar,22
princeton,19
daunting,14
duplicate,12
performant,14
md5,14
inconvenient,12
rushter,11
vague,16
kmeans,11
<U+03BB>,11
penalize,22
minimized,14
summation,11
abuse,14
mortality,12
choropleth,12
optimizer,44
displayed,20
club,13
workings,14
engagements,11
wal,12
bigdataco,235
equity,18
hubs,15
attribution,18
heavyweights,15
huang,15
implicit,29
abs,49
allocation,16
interpreter,25
proving,15
launching,15
selector,14
gadget,11
designers,26
wasted,16
visits,25
linking,15
bowl,13
victory,12
nate,13
avg,20
sqrt,15
drift,15
stationary,16
correctness,13
lenses,12
tendency,12
crowdflower,15
reads,21
comprehend,12
ggplot,17
serial,11
streamlined,11
republican,18
df,119
xtrain,11
xtest,11
ind,13
trades,17
yields,16
t2,11
overfit,14
garch,26
volatility,20
volatile,12
proxy,29
spikes,17
peaks,13
notation,11
1980,16
str,39
mydata,16
correcting,14
multiplying,11
inflation,13
multiplied,11
audiences,23
optimum,14
assistants,25
tractable,12
indispensable,17
wiley,16
lens,16
buff,27
pic,27
pi,17
embracing,12
filename,14
os,26
+=,12
len,30
independence,12
diagonal,11
180,12
pdus,13
certified,38
streamline,17
presto,30
htm,15
idx,23
tweaks,11
tsv,50
plugins,11
sess,17
pointing,14
tungsten,22
additions,11
125,11
maluuba,18
safely,12
announce,28
qualitative,40
muslim,11
safer,12
eligible,21
bindings,12
vibrant,12
deloitte,13
ostrich,14
mania,11
concisely,14
pydata,13
town,12
boat,11
han,14
agnik,18
scorebig,15
ticketmaster,16
telecommunications,11
loved,19
haile,11
emmanuel,19
rexer,21
purchasing,21
skew,14
showcasing,11
delayed,12
liability,16
crawlers,13
2d,20
eugenics,11
1960,14
usd,13
spectacular,12
foursquare,11
graphdb,34
interval,31
blind,25
relied,11
crossing,16
fcn,13
professions,13
dataops,12
pyspark,12
thompson,13
qubole,14
amp,18
currency,19
commodity,11
wanting,15
johns,24
hopkins,32
arrived,13
parentheses,11
reproduce,22
gt,13
polynomial,20
multidimensional,11
covariance,20
360,16
logit,20
hampshire,13
svg,17
inability,12
flagged,22
redwood,24
forks,36
workers,50
carolina,14
unhappy,12
lacks,23
sale,30
facto,14
versioning,12
hue,11
shareable,13
kg,19
consciousness,13
asa,15
pac,15
convex,11
datapoints,12
con,11
cake,26
optimizers,22
vastly,11
mcs,12
treatments,19
promotions,11
terribly,11
hpe,50
flume,11
ship,15
poster,22
interdisciplinary,16
sleep,15
minitab,13
skater,13
poker,11
federated,12
cmu,20
listing,20
agglomerative,11
assignments,21
credential,23
fmri,20
controversial,17
altogether,14
inaugural,13
font,22
son,13
clarification,12
antonio,19
regarded,12
skewed,15
cliff,12
mandarin,21
boards,15
seminar,14
1k,16
reviewer,13
reshape,24
garrett,21
omitted,13
police,36
oozie,11
speeds,22
unification,12
interpretations,14
albeit,11
fusioncharts,22
jquery,19
plugin,14
adjacent,14
scripting,19
quanteda,12
stringr,13
temp,12
console,19
vertices,14
amplitude,12
acoustic,14
decode,14
restful,18
chairman,11
chasm,11
inertia,11
styles,12
gates,17
medicines,14
datakind,16
rap,14
ct,11
caravel,13
flavor,17
snowflake,12
disc,14
resampling,11
coins,11
sight,12
scheduled,12
slots,13
intriguing,14
milgram,15
gotten,15
usable,21
quad,11
cheatsheet,15
nikita,14
name=,20
tmp,16
mx17004,15
amazonaws,14
tar,11
lex,12
slack,16
pharmaceutical,19
dual,21
dns,12
rh,12
commits,65
mechanics,12
tastes,12
bk,14
nationwide,14
dst,14
op,14
raspberry,12
x1,18
x2,11
honours,17
females,14
secured,12
bracket,13
heritage,13
liberal,14
pitfall,12
smoothing,12
additive,13
marko,13
collaborators,12
violence,12
terrorists,16
nuances,14
pt10,11
faqs,13
emma,13
numbersense,19
emissions,20
const,21
beena,12
turbines,13
accustomed,11
kpi,40
turnover,18
amy,13
deeplearning4j,12
lasagne,18
mundane,12
5pm,12
schitka,14
refinement,13
nuevora,20
proceedings,14
spacy,15
defendants,25
tournament,19
burning,13
indices,26
grakn,39
graql,11
nokia,11
dstools,13
localhost,12
saleprice,11
skewness,11
kurtosis,40
boxplot,14
setosa,52
rooms,17
russian,12
7th,15
movielens,12
lag,11
paralleldots,11
1pm,20
slot,18
ignites,13
encoder,27
subsets,17
prevalence,23
ondemand,34
presently,11
ndarray,17
virginica,15
concatenate,15
covariates,11
sem,43
commander,11
instagram,13
frequentist,15
reaction,13
ferguson,11
fatalities,15
pearl,13
societies,15
economists,12
grad,20
quantile,16
pfa,12
kpmg,11
anchors,12
iyer,11
ranker,13
dask,72
sharmila,15
mulligan,11
traded,15
linkurious,39
icij,12
births,28
poverty,17
adjustments,11
graphframes,21
lite,16
mlconf,35
nuts,11
detective,13
quill,11
enlitic,13
racial,11
svr,67
slr,18
permits,12
legend,17
injuries,14
nlg,44
stocktwits,21
v3,18
glyphs,14
neil,15
elimination,11
xgboost4j,14
args,22
testset,13
bootstrapping,14
scheduler,18
~$,13
spm,17
searchcv,11
xoos,12
length=len,11
parser,20
dvc,76
20170426,15
sse,20
a2,14
float,19
svmlight,14
gam,15
capita,23
pradesh,12
ec,11
cust,12
kelly,13
rpe,16
compilers,11
decoder,24
conv,88
convolving,11
exit,19
curr,26
ch,12
chainer,11
matchup,11
moral,17
mm,12
yolo,28
h0,20
crowdsignals,11
depression,15
cps,12
lightgbm,13
kf,12
andrewyng,11
conductance,16
brandeis,14
avs,12
playoffs,64
swiftapply,21
klipfolio,15
powersign,17
addsign,14
grunion,26
<U+25CA>,19
caffeonspark,30
hic,22
fnn,16
